trading_date,selected_symbols,selected_count,daily_return,benchmark_return,avg_predicted_return,daily_cost_rate,daily_return_net,cumulative_return,cumulative_return_net,benchmark_cumulative_return
2024-10-30,"CTR,AFX,EVG,HPX,HCD,SAM,POW,PSB,NHH,MSB",10,-0.016941681969787202,-0.002096790877512839,0.02174566836397982,0.004,-0.020941681969787202,-0.01694168196978718,-0.020941681969787185,-0.0020967908775127997
2024-10-31,"CTR,TMT,TVN,EVG,PSB,SAM,IDI,VPH,CTP,POW",10,0.004040306285656492,0.003752738739107785,0.02279820301845368,0.004,4.0306285656491886e-05,-0.01296982526828283,-0.020902219765546404,0.0016480791532411665
2024-11-01,"CTR,MSN,EVS,POW,IDI,EVG,VPH,TVN,SAM,PSB",10,-0.007028830015066623,0.0023184096607694496,0.022870893931946346,0.004,-0.011028830015066623,-0.019907492586213604,-0.03170052275188118,0.003970309736641031
2024-11-04,"CTR,HPX,TVN,PCH,IDI,DRI,EVG,NVL,MSB,NHA",10,0.027436451319419485,0.01693335462828262,0.02586264819753712,0.004,0.023436451319419484,0.006982767781972488,-0.009007019190736432,0.02097089502767835
2024-11-05,"CTR,EVG,CSM,TVN,FCN,IDI,SAM,VPH,DRI,IJC",10,0.036602095697051876,0.01782765152752359,0.021128030190432877,0.004,0.03260209569705187,0.043840447413610484,0.023301428804713753,0.03917240836397551
2024-11-06,"CTR,EVG,SAM,VHC,DGW,VPH,ACB,HCD,TVN,MSB",10,0.00016966423595640156,0.0041218238406121556,0.016863405769295858,0.004,-0.0038303357640435986,0.04401754980558126,0.01938184074456628,0.043455693971276466
2024-11-07,"CTR,DGW,EVG,S99,MSB,VHC,SAM,CRE,HCD,BVS",10,-0.019473802618307667,-0.008802834216387126,0.0182086555425117,0.004,-0.023473802618307667,0.02368655811061826,-0.004546927377758858,0.03427032648510209
2024-11-08,"CTR,VHM,VPH,EVG,SAM,DGW,PSB,CRE,DBC,VCI",10,-0.02960605179674347,-0.02264903155069842,0.020307408126692385,0.004,-0.033606051796743475,-0.006620759152434763,-0.03800017489752938,0.010845105228589835
2024-11-11,"CTR,STB,BVS,EVG,PSB,VHM,VPH,SAM,IMP,MSB",10,-0.0345668832492214,-0.02682858027403797,0.018521778932514298,0.004,-0.038566883249221404,-0.04095878339301273,-0.07510150983802777,-0.016274433821653833
2024-11-12,"CTR,VHM,BVS,IMP,EVG,VPH,PSB,NVL,IDI,PGV",10,-0.03909965104982268,-0.03641856149136222,0.021792466022772204,0.004,-0.043099651049822676,-0.07845696030474336,-0.11496431202051671,-0.0521003038441451
2024-11-13,"CTR,VHM,EVS,TVN,EVG,VPH,SAM,SHS,MIG,S99",10,-0.03721697874930918,-0.0305595886367672,0.014607545269162792,0.004,-0.041216978749309185,-0.11275400802965552,-0.15144280916434727,-0.08106772862758471
2024-11-14,"CTR,VHM,PSB,EVG,TVN,VPH,SHS,VDS,SAM,HDG",10,-0.021470228886160146,-0.009387134918042165,0.019159550496928635,0.004,-0.025470228886160146,-0.131803382555587,-0.17305575503792836,-0.08969386983950056
2024-11-15,"CTR,HBS,VHM,VIG,ITD,CRE,IDI,BVS,EVS,DGW",10,-0.007556246146576085,0.0007657998299858671,0.026033817234828095,0.004,-0.011556246146576084,-0.13836368990062176,-0.18261212628220458,-0.08899675755978853
2024-11-18,"CTR,ANT,IDI,PSB,VIG,CRE,SAM,TVN,TCI,S99",10,-0.011473878794677784,0.007676466776829583,0.024466933879431663,0.004,-0.015473878794677784,-0.14825000048779535,-0.19526028716835309,-0.08200347143561215
2024-11-19,"CTR,IDI,PSB,EVG,ANV,SAM,SHS,PC1,BCM,VDS",10,0.03695261575173593,0.02845003025877379,0.03287934381483999,0.004,0.03295261575173593,-0.11677561003927961,-0.16874200863124955,-0.055886442420506
2024-11-20,"CTR,S99,EVS,SAM,TVN,IDI,PSB,EVG,HT1,GDA",10,0.008473345643123287,0.017764732858566633,0.02392883652647264,0.004,0.004473345643123287,-0.10929174450270585,-0.16502350431724877,-0.03911451728195536
2024-11-21,"CTR,S99,SAM,PSB,ELC,EVG,ASM,CSM,TVN,OIL",10,0.03405992711646545,0.014296276957684102,0.022627294339063898,0.004,0.030059927116465452,-0.07895428623843392,-0.1399241717130636,-0.025377432296400104
2024-11-22,"CTR,S99,VHC,VIG,SAM,IDI,PSB,OIL,TPB,IMP",10,0.023635789371462535,0.02278074764134239,0.02704887115687531,0.004,0.019635789371462535,-0.05718464374647725,-0.12303590390533514,-0.0031748015359872594
2024-11-25,"CTR,EVS,DGW,SAM,S99,ANT,VRE,IDI,EVG,NVL",10,0.023723937628259372,0.01517448649065406,0.025200747121328314,0.004,0.019723937628259372,-0.034817351039753475,-0.10573871877174112,0.011951508971648428
2024-11-26,"CTR,SAM,DGW,VIG,VHC,PSB,IMP,OIL,CTP,TDT",10,0.02878705685905205,0.009722463605448298,0.02830497902884448,0.004,0.02478705685905205,-0.007032583244764412,-0.08357261354708756,0.021790170688103627
2024-11-27,"CTR,SAM,PSB,AVG,VHC,IDI,FCN,VBB,HAG,MSB",10,0.0020925318365333733,0.004623104550496346,0.028158222430246772,0.004,-0.0019074681634666268,-0.004954767312563724,-0.08532066961087548,0.02651401347586413
2024-11-28,"CTR,VHC,PSB,ACV,DPR,IDI,SAM,DGW,ASM,BVS",10,0.02360968086922517,0.023828631762446803,0.025722838181433772,0.004,0.01960968086922517,0.018537933081630653,-0.06738409984426819,0.05097443790197187
2024-11-29,"CTR,SAM,VOS,GSP,FCN,VHC,APG,POW,VPG,IDI",10,0.01859860970135052,0.016522290686505254,0.020964778601736133,0.004,0.014598609701350521,0.037481322565036335,-0.05376920431662091,0.06833894306907462
2024-12-02,"CTR,ACV,HAG,TPB,IDI,POW,APG,VPG,GSP,HDB",10,0.026100969816214625,0.026203801888453705,0.023823587672975943,0.004,0.022100969816214625,0.06456059125019276,-0.032856586062049775,0.09633348508297668
2024-12-03,"CTR,ACV,IDI,EVG,S99,STB,VDS,PSB,VPH,NVL",10,0.03619348370152057,0.02281489636564359,0.023390834287580774,0.004,0.03219348370152057,0.1030907476588876,-0.0017208703284053994,0.12134621992732963
2024-12-04,"CTR,ACV,IDI,EVG,VHM,SAM,HAG,PSB,MSB,POW",10,0.020564402020257656,0.03162116939187659,0.02582827778153147,0.004,0.016564402020257656,0.12577514925857147,0.014815026503907758,0.15680449869459223
2024-12-05,"CTR,ACV,PSB,PHC,SAM,SBB,DPR,S99,EVG,CRE",10,0.019859716459782174,0.008234541617122944,0.022181510956793105,0.004,0.015859716459782174,0.14813272452031567,0.030909705083386196,0.16633025348196795
2024-12-06,"CTR,ACV,VIG,NVL,SAM,IMP,TVN,EVG,MSB,IDI",10,-0.00208071434902245,0.001197421095949595,0.0227714771348859,0.004,-0.00608071434902245,0.1457437882858239,0.024641037647139097,0.16772684193233145
2024-12-09,"CTR,ACV,CTP,IDI,AVG,CSV,PSB,APG,NVL,SAM",10,-0.014193142379369306,-0.007741285762467566,0.0219632411696145,0.004,-0.018193142379369306,0.12948208356840518,0.005999597361479925,0.15868713475642937
2024-12-10,"CTR,ACV,NVL,PHC,PSB,IDI,SAM,EVG,ACB,APG",10,-0.011575977162009154,-0.006205515920576633,0.0237498903228887,0.004,-0.015575977162009154,0.1164072247641188,-0.009669829392012885,0.151496883294731
2024-12-11,"CTR,IDI,NVL,PSB,POW,EVG,SAM,AVG,HT1,APG",10,0.016190160360331007,0.002468655876817165,0.021389802908372134,0.004,0.012190160360331007,0.13448203676048198,0.0024024541973723945,0.1543395328428132
2024-12-12,"CTR,TS3,EVG,POW,IDI,MIG,PSB,GEE,AGG,TRC",10,0.007501411612389009,-0.007781453936331536,0.024645480666573127,0.004,0.0035014116123890087,0.14299225348508382,0.005912277790786291,0.14535709294111032
2024-12-13,"CTR,PSB,IDI,DBD,IMP,EVG,TVN,SAM,HT1,MIG",10,0.03371428849779897,0.009199143882781988,0.0291815658631722,0.004,0.02971428849779897,0.18152742406982925,0.03580224541653987,0.15589339763624066
2024-12-16,"CTR,SAM,IDI,EVG,DGW,TVN,CTG,POW,OIL,IJC",10,0.0262648050094648,0.01801398346235475,0.02522393600892938,0.004,0.0222648050094648,0.2125600114763584,0.058864180439104796,0.17671564218550495
2024-12-17,"CTR,SAM,CSV,IDI,TVN,DPR,CRE,VCI,EVG,MSB",10,0.03651826583433663,0.017121894244157346,0.026536759377760476,0.004,0.03251826583433663,0.25684060031553835,0.09329660734108058,0.19686324296645075
2024-12-18,"CTR,IDI,PSB,VNP,NLG,EVG,APG,TPB,HAG,TVN",10,-0.003955980072784892,0.012453196656000016,0.022052542338049697,0.004,-0.007955980072784892,0.2518685639460232,0.08459836131943166,0.21176801630144992
2024-12-19,"CTR,VHM,EVG,IDI,DGW,POW,BMS,DRI,CRE,MSB",10,0.023525135099736482,0.022171354942216583,0.023679109031973344,0.004,0.019525135099736482,0.2813189410399666,0.10577529085314641,0.23863455509849518
2024-12-20,"CTR,EVG,APG,NVL,VPH,NAB,BVS,BMS,POW,SPD",10,-0.001879458180314242,0.012788114445183957,0.0249242337131357,0.004,-0.005879458180314242,0.2789107556746375,0.0992739312737505,0.2544743555448543
2024-12-23,"CTR,DBD,APG,DHM,EVG,IMP,BVS,IDI,DPR,ASM",10,-0.01685105931644574,-0.0038162766165821945,0.027162791938427654,0.004,-0.02085105931644574,0.2573597546703239,0.07635290532773897,0.24968693439568646
2024-12-24,"CTR,APG,VHM,PSB,VCA,EVG,IMP,TCI,NVL,POW",10,-0.013569332678331481,-0.0052368685051501895,0.024092309808663392,0.004,-0.01756933267833148,0.2402982218628571,0.05744210305474717,0.24314248824765206
2024-12-25,"CTR,APG,DST,SAM,VPH,ACV,VHM,PHC,EVG,VIG",10,-0.00047999988152700455,-0.00788121737180622,0.024965401412158174,0.004,-0.004479999881527004,0.23970287886330466,0.05270476255834011,0.23334501207364422
2024-12-26,"CTR,APG,SBB,AVG,HBS,SAM,ACV,DGW,VHM,BCM",10,-0.029704206103774045,-0.023924842167180754,0.030470307903530825,0.004,-0.033704206103774045,0.20287848904210715,0.017224184274649446,0.20383742732210264
2024-12-27,"CTR,NVL,IDI,ELC,CTI,DGW,SBB,HT1,VHM,ACV",10,-0.009645372421281783,-0.03562366095925153,0.02604336130263065,0.004,-0.013645372421281783,0.19127627803774727,0.0033437814442871527,0.1609523309611225
2024-12-30,"CTR,DST,APG,SBB,HBS,VHM,IDI,VHC,DBD,EVG",10,-0.01904077730092161,-0.031677253096892656,0.029767441265947592,0.004,-0.02304077730092161,0.16859345172375972,-0.019774039180235237,0.12417655013983953
2024-12-31,"CTR,DGC,APG,VHC,HBS,IDI,TVN,PSB,VHM,VCI",10,-0.017649779886777007,-0.02557716701424,0.02865059792466853,0.004,-0.021649779886777007,0.14796803452370644,-0.04099571547128755,0.0954232987634207
2025-01-02,"CTR,DGC,APG,VHC,IDI,CRE,VHM,EVG,VPH,POW",10,-0.028357035869137348,-0.032827095574864094,0.02553055946113474,0.004,-0.03235703586913735,0.11541506379209454,-0.07202625150443953,0.059463733439981015
2025-01-03,"CTR,EVG,APG,VHC,SAM,ACV,VHM,TCI,ACB,MSB",10,-0.016324321235045923,-0.03456113541426982,0.024208041756859734,0.004,-0.020324321235045923,0.09720666998034311,-0.09088668806655298,0.022847463882053942
2025-01-06,"CTR,APG,MSN,IMP,GMC,L14,CRE,ACV,SAM,PSB",10,-0.011348171789259332,-0.015438617997150603,0.030195796266807372,0.004,-0.015348171789259332,0.08475538020108497,-0.10483991535400994,0.0070561126178245726
2025-01-07,"CTR,SAM,APG,EVG,GEE,VHM,MSB,IDI,PSB,ACV",10,0.005858142897631336,-0.01319394337369283,0.02375947847552371,0.004,0.0018581428976313357,0.09111003222727754,-0.1031765800004818,-0.006230928706186245
2025-01-08,"CTR,GMC,MSN,VHM,ACV,VPG,SAM,IDI,VHC,EVS",10,-0.022828148811577596,-0.010040670234439539,0.025027580448029017,0.004,-0.026828148811577596,0.06620201004178794,-0.12723669216993683,-0.016209036240232733
2025-01-09,"CTR,MSN,CSV,ACV,ASM,EVG,HDB,VHM,IDI,HAP",10,-0.02546503908837756,-0.0072221600793594375,0.024848762672901103,0.004,-0.02946503908837756,0.039051134179967084,-0.15295269715005133,-0.023314132065132998
2025-01-10,"CTR,VPG,VHC,VHM,VPH,VDS,SAM,ASM,TVN,DST",10,0.017344878819702304,0.02074220248581375,0.029550365459594663,0.004,0.013344878819702304,0.05707335018979287,-0.141648953538963,-0.0030555160273952886
2025-01-13,"CTR,TRC,BCM,ASM,IDI,NVL,VPG,IMP,MSB,EVG",10,0.02782594721420829,0.02100730238824965,0.022926083120728635,0.004,0.02382594721420829,0.08648741743372046,-0.12119792681472186,0.017887598211714595
2025-01-14,"CTR,NVL,SAM,CTP,PSB,TMT,BCM,VHM,APG,HAG",10,0.012524595920224457,0.0194474443765772,0.027127331013413625,0.004,0.008524595920224457,0.100095233309486,-0.11370649424696178,0.03768291065954488
2025-01-15,"CTR,BCM,VPH,VHM,NVL,EVG,HBS,CSV,VPG,MSB",10,-0.006859496336198467,0.0010616566876721512,0.02306845034496998,0.004,-0.010859496336198468,0.09254913408713028,-0.12333119532548331,0.0387845736613297
2025-01-16,"CTR,BCM,DST,VHM,PSB,APG,EVS,NVL,SAM,EVG",10,-0.009192457746242676,0.005965471294195922,0.023688296145761335,0.004,-0.013192457746242676,0.08250592233634024,-0.134896611488601,0.044981413216359956
2025-01-17,"CTR,BCM,VPH,VHM,APG,EVG,PSB,MSB,TNS,DBD",10,-0.011516751192773844,0.0009722730770690296,0.020394820681656677,0.004,-0.015516751192773844,0.07003897096408851,-0.14832020552415792,0.045997420510467624
2025-01-20,"CTR,BCM,DBD,EVG,VHC,DST,VHM,ACV,POW,EVS",10,-0.0068599993679487326,-0.0022987188705556874,0.024322420550557312,0.004,-0.010859999367948733,0.06269850429959423,-0.15756944755386026,0.043592966501387664
2025-01-21,"CTR,HBS,BCM,ACV,L14,VHC,VPG,VHM,BLN,SAM",10,0.012386133691656299,0.015978581092369177,0.027693044409864687,0.004,0.008386133691656299,0.07586123004777212,-0.1505047123151112,0.060268101344056246
2025-01-22,"CTR,GSP,L14,IDI,NVL,SAM,DSC,BCM,EVG,ASM",10,0.0404589064198614,0.03305565824088071,0.021333227270681966,0.004,0.036458906419861395,0.11938939887503208,-0.11953304311729451,0.09531596134579279
2025-01-23,"CTR,NVL,EVG,GSP,DST,ACV,VPH,TVN,SAM,VOS",10,0.04058453951140326,0.020862578939186437,0.0161478737846938,0.004,0.036584539511403266,0.16481930216232188,-0.0873215649447342,0.11816707705272034
2025-01-24,"CTR,ACV,BCM,SAM,TNS,HCD,EVG,TRC,GSP,ANV",10,-0.002878757613560212,0.015928202169906706,0.02355833322182068,0.004,-0.006878757613560212,0.1614660697278001,-0.09359965867860276,0.13597746831574975
2025-02-03,"CTR,ACV,BCM,ITD,SAM,TTN,PHC,TRC,NVL,EVG",10,0.012460652973368336,0.01683691904760308,0.024018054665250643,0.004,0.008460652973368336,0.1759386953630202,-0.08593091993573976,0.1551038289896831
2025-02-04,"CTR,ACV,PHC,VJC,BCM,CSV,VIG,SAM,VPH,VHC",10,0.0017033597928034715,0.005188264726595049,0.022052242239603004,0.004,-0.0022966402071965286,0.1779417420555034,-0.08803020773717052,0.1610968134411852
2025-02-05,"CTR,ACV,MSN,VJC,DCL,VIG,CSV,IDI,VHC,VLB",10,-0.00366851669911461,0.0026688175454640294,0.020517257569827474,0.004,-0.00766851669911461,0.17362044310418856,-0.09502366331822609,0.16419556898887944
2025-02-06,"CTR,MSN,VJC,VIG,IDI,ACV,VHC,THG,EVG,CSV",10,-0.004981581517173717,0.004811615380306807,0.02028102390220765,0.004,-0.008981581517173716,0.16777395719664345,-0.10315178205724673,0.16979723029431137
2025-02-07,"CTR,MSN,VHC,VJC,BCM,DGW,ACV,IDI,EVG,VTD",10,-0.015340306177383078,0.010576098212987356,0.0241010158208399,0.004,-0.01934030617738308,0.14985994714727258,-0.12049710118689994,0.18216912069118463
2025-02-10,"CTR,VJC,EVG,IDI,IMP,EVS,TVN,TTN,VIG,ANV",10,0.03330623549620624,0.018971399482970563,0.02681652361498066,0.004,0.02930623549620624,0.18815745333461487,-0.0947221821146873,0.20459652333624923
2025-02-11,"CTR,VJC,EVG,VHC,LSG,BCM,MML,CRE,IDI,BVS",10,0.032301541282301026,0.013692436749183752,0.025582947294977298,0.004,0.028301541282301026,0.22653677036337672,-0.06910142457985469,0.22109038504031742
2025-02-12,"CTR,VJC,EVG,TVN,DST,LSG,IDI,BVS,NVL,BMS",10,0.039934715155208855,0.028071492417366346,0.024655080854977095,0.004,0.03593471515520885,0.275518166915228,-0.03564984943374194,0.25536821452489566
2025-02-13,"CTR,VJC,VHC,PSB,DST,IDI,VIG,TNT,AVG,SAM",10,0.0003127085080765868,0.023183684790034454,0.0269700433646785,0.004,-0.003687291491923413,0.2759170322982285,-0.03920568953915993,0.28447227550586907
2025-02-14,"CTR,VJC,PSB,EVG,ACV,DST,STB,VHC,VIG,MSN",10,0.0068278984448254644,0.01874607779874725,0.028885606294240595,0.004,0.0028278984448254644,0.284628864218784,-0.036488660802810435,0.3085510927128359
2025-02-17,"CTR,CSV,ACV,VHC,VJC,HMR,SAM,IMP,SD3,NVL",10,0.01362584416256597,0.02091304372014563,0.03280870230069575,0.004,0.009625844162565969,0.30213301692936345,-0.0272140508028329,0.3359168789247837
2025-02-18,"CTR,VJC,ACV,CSV,IMP,ASM,EVG,PHC,TNT,SAM",10,-0.008407168209651705,0.014197362827854308,0.024135585725708307,0.004,-0.012407168209651705,0.291185765624697,-0.039283569706507815,0.3548833755627334
2025-02-19,"CTR,MCO,TNT,CSV,VJC,VHC,ASM,SAM,DPR,PHC",10,-0.0008335178199475379,0.010531331093395848,0.028157991383832015,0.004,-0.004833517819947538,0.29010953928018623,-0.04392720969224784,0.3691521009837224
2025-02-20,"CTR,TS3,VJC,CSV,VIG,MSN,VHC,TT6,SAM,ASM",10,-0.002290251404088661,0.011414520725314799,0.02935025171919099,0.004,-0.006290251404088661,0.28715486409642166,-0.04994114790389215,0.3847803160165095
2025-02-21,"CTR,VJC,IMP,TDT,MSN,ASM,TT6,CSV,VIG,TNT",10,-0.003115882511125456,0.01165765584028658,0.029284409016976397,0.004,-0.007115882511125457,0.2831442407662734,-0.05670165507406277,0.40092360835503316
2025-02-24,"CTR,VJC,PHC,SAM,VPH,VHC,EVS,EVG,ASM,TTN",10,0.017955860587642102,0.001322783571937386,0.02770592852974778,0.004,0.013955860587642102,0.3061841998673087,-0.04353711487972278,0.40277672708970447
2025-02-25,"CTR,VJC,TRC,TNT,VHC,EVG,ASM,DGW,CRE,VPH",10,0.0031958843387477898,-0.0015739501917660507,0.030514199746939717,0.004,-0.0008041156612522103,0.31035861349518457,-0.04430622166505438,0.4005688263910967
2025-02-26,"CTR,TRC,ASM,TT6,VJC,VPH,EVG,BCM,VHC,SAS",10,-0.028065410440996807,-0.014212061282680856,0.029962418701960924,0.004,-0.03206541044099681,0.2735828611825468,-0.07495093492327143,0.38066385639981415
2025-02-27,"CTR,BCM,VJC,TT6,APP,TNT,STB,POW,VIG,CRE",10,-0.013459189969646224,-0.007595693241940684,0.027966061532659126,0.004,-0.017459189969646224,0.2564414675118054,-0.09110154228168965,0.37017675727636634
2025-02-28,"CTR,VJC,TNT,TT6,BCM,DST,MSN,VPH,STB,CTP",10,-0.007989598486555427,-0.007973340570319568,0.03188370425461706,0.004,-0.011989598486555427,0.24640300466452758,-0.10199886985478168,0.3592518713490658
2025-03-03,"CTR,VJC,BCM,TNT,VPH,EVS,SAS,TT6,S99,CSV",10,-0.0038806191922825086,-0.005160076656897445,0.03559120357528354,0.004,-0.007880619192282508,0.24156618924330786,-0.10907567479569547,0.3522380274968733
2025-03-04,"CTR,VJC,CSV,TT6,EVG,ASM,BMS,EVS,BCM,PSB",10,-0.011407150503862684,0.004228298236580158,0.03491420154939813,0.004,-0.015407150503862684,0.22740345686210217,-0.12280227996167048,0.3579556931639749
2025-03-05,"CTR,VJC,PSB,BCM,EVG,TNT,TT6,EVS,VIG,SAM",10,0.009952614701971108,0.014434719508299198,0.0401215533005411,0.004,0.005952614701971108,0.23961933055211793,-0.11758065991683486,0.377557402699495
2025-03-06,"CTR,VJC,BCM,PSB,TT6,EVG,ACV,VPH,VIG,IDI",10,-0.003581446842258973,-0.006222250395064456,0.031555911732486265,0.004,-0.007581446842258973,0.23517969981510878,-0.12427067523625657,0.3689858956063241
2025-03-07,"CTR,VJC,ASM,EVG,MIG,TCI,VIG,VPG,VCG,TNT",10,-0.012167361851620585,-0.013907596108675566,0.02924026266941082,0.004,-0.016167361851620585,0.2201508214556822,-0.13842890811378739,0.349946592691758
2025-03-10,"CTR,PSB,VHC,VJC,IMP,DBD,DST,ASM,VIG,CRE",10,-0.01022054058283305,-0.007727397601241478,0.030958656183503398,0.004,-0.01422054058283305,0.20768022046781742,-0.15068091479095103,0.33951501862958744
2025-03-11,"CTR,VJC,VIG,DBD,DPR,KDC,CRE,EVS,ASM,NAF",10,-0.006084929585352483,-0.012728381991464591,0.030846469244721387,0.004,-0.010084929585352483,0.20033157136464785,-0.1592462379607802,0.3224651597891661
2025-03-12,"CTR,VJC,DPR,KDC,LSG,AVG,EVG,ASM,CRE,ELC",10,-0.02218383500818911,-0.014606306513788402,0.03237852993096537,0.004,-0.02618383500818911,0.17370361383037425,-0.18126039574852937,0.3031488283114794
2025-03-13,"CTR,VJC,EVS,PSB,LSG,KDC,TVN,CRE,ACV,S99",10,-0.008380793640118766,-0.005068209409482474,0.035301916330244376,0.004,-0.012380793640118766,0.16386704604820013,-0.19139704183375938,0.29654419715787506
2025-03-14,"CTR,S99,EVS,DST,KDC,IDI,FCN,DBD,EVG,JVC",10,0.007283690787751184,-0.004400083616254091,0.024021125812189847,0.004,0.0032836907877511843,0.17234429372966864,-0.18874183974908054,0.2908392942782114
2025-03-17,"CTR,KDC,TRC,DVN,VIG,IDI,DBD,TVN,ASM,CRE",10,0.010365070756137384,-0.010957735711575574,0.015380783883522575,0.004,0.006365070756137384,0.18449572528473057,-0.18357812415758967,0.276694618445394
2025-03-18,"JVC,KDC,VPH,DBD,VJC,BMS,EVG,TVN,NHA,IDI",10,-0.011566076238177347,-0.004989340789742616,0.012907803032109677,0.004,-0.015566076238177348,0.17079575742229225,-0.1962866093194684,0.2703247539095395
2025-03-19,"KDC,TVN,JVC,VJC,TTN,S99,STB,TCI,EVG,VSH",10,-0.001997662007055223,-0.0031662216731081333,0.013291901143530117,0.004,-0.0059976620070552236,0.16845690321966833,-0.2011070105873145,0.2663026241418254
2025-03-20,"VJC,TPB,KDC,IJC,JVC,EVG,TNT,VPH,TVN,S99",10,-0.01533920444290443,-0.0085240943645005,0.015080808937167234,0.004,-0.01933920444290443,0.15053370389845888,-0.21655696543756953,0.25550854107962584
2025-03-21,"VJC,EVG,KDC,EVS,TVN,IJC,ACV,SAM,IMP,ANV",10,-0.017834042295053375,-0.01144698333574084,0.013712817436293667,0.004,-0.021834042295053376,0.1300150371612494,-0.23366269378997062,0.2411367557320072
2025-03-24,"VJC,NVL,SD3,EVS,TCI,KDC,IJC,JVC,SAM,S99",10,-0.009431062517777034,-0.016515245445271033,0.015240333705294162,0.004,-0.013431062517777034,0.1193577946997535,-0.24395541805938237,0.2206390775799456
2025-03-25,"VJC,EVS,PHC,EVG,SAM,VPH,NVL,KDC,IJC,NAB",10,-0.00023954433195331193,-0.020380908294746237,0.014271067131265558,0.004,-0.004239544331953312,0.11908965888460554,-0.24716070258145273,0.1957613444788051
2025-03-26,"IMP,VJC,JVC,KDC,EVS,SAM,CTR,NVL,BMS,DGW",10,-0.0068148482759150305,-0.01556883646536091,0.016322856074942306,0.004,-0.01081484827591503,0.1114632326521614,-0.25530254535918084,0.17714473165501454
2025-03-27,"PHC,VJC,KDC,DST,SAM,POW,STB,S99,TDC,EVS",10,-0.06245875821058729,-0.08582517654937673,0.015393217008786797,0.004,-0.06645875821058729,0.042042619343982235,-0.3047942134371948,0.07611607723655434
2025-03-28,"VJC,JVC,KDC,EVG,STB,TVN,POW,VHM,TDC,SAM",10,-0.08677960970179158,-0.10270630900472794,0.014927706420403797,0.004,-0.09077960970179158,-0.04838543245532112,-0.3679047234037933,-0.03440783311705897
2025-03-31,"VJC,IDI,JVC,ASM,CSM,VOS,VRE,EVG,TCI,VPG",10,-0.15602158177947864,-0.14642677025272877,0.015546916617451112,0.004,-0.16002158177947864,-0.1968578425280365,-0.46905360940005536,-0.17579637549506189
2025-04-01,"VJC,FRT,TCI,THT,GEE,SAM",6,-0.1606243007588213,-0.13768801105450115,0.014757322591043565,0.004,-0.1646243007588213,-0.32586198998190175,-0.5564602876929913,-0.2892793332570577
2025-04-02,"FRT,VJC,HMS,BCM,JVC,AFX,POW,SSB,HAP,ASM",10,-0.10415491787515785,-0.12889427450296587,0.020518272337908195,0.004,-0.10815491787515785,-0.3960767790518591,-0.604431288851927,-0.38088715797115336
2025-04-03,"FRT,VJC,CTR,OIL,HIO,LAI,HBS,BCA,DGC,LHC",10,-0.028499023339437813,-0.02507535351041636,0.05346663222736403,0.004,-0.03249902333943781,-0.4132880010208886,-0.6172868856278795,-0.3964116313478653
2025-04-04,"CTR,VJC,MPC,IDI,FRT,ASM,S99,AFX,SAM,DRI",10,0.020603932123565462,0.01385011014112217,0.050581661610113196,0.004,0.016603932123565462,-0.4011994268178416,-0.6109323430540465,-0.3880518659621329
2025-04-08,"VJC,TVN,DRI,HIO,OIL,DGC,LAI,ASM,MPC,GDA",10,0.09652458994934365,0.08160670437345073,0.05539068322459943,0.004,0.09252458994934365,-0.34340044703000183,-0.5749340176325702,-0.33811279549581985
2025-04-09,"DRI,HCD,POW,TVN,IJC,ASM,IDI,DPR,NVL,VPG",10,0.12468396903946707,0.10608068871948985,0.03851228271789433,0.004,0.12068396903946707,-0.2615330086961627,-0.5236353677768087,-0.26789934498739865
2025-04-10,"DGC,CTP,BCM,IJC,POW,NVL,ASM,IDI,DRI,TRC",10,0.026051250824424433,0.020444914454102917,0.020835482439013252,0.004,0.022051250824424433,-0.24229501988014845,-0.5131309317877705,-0.2529316097238732
2025-04-11,"VJC,FRT,KDC,CTR,BCM,TCI,OIL",7,-0.00978900306969994,0.0034142685017335044,0.04098464084015739,0.004,-0.01378900306969994,-0.24971219625646868,-0.5198443708638909,-0.2503809176503127
2025-04-14,"VJC,CTR,DGC,FRT,CTP,BCM,SSB,VCC,EVG,ASM",10,-0.01134213944520952,-0.013481083037305093,0.03511885127727761,0.004,-0.01534213944520952,-0.2582220651505678,-0.5272109854814995,-0.26048659474581726
2025-04-15,"VJC,FRT,DGC,CTR,VHC,BCM,S99,CSM,TVN,DPR",10,-0.02580878758808077,-0.017837401415290728,0.04132794156379534,0.004,-0.02980878758808077,-0.27736645430862206,-0.5413042527892595,-0.2736775922073247
2025-04-16,"VJC,FRT,DGC,IDI,EVG,SAM,OIL,TVN,CSM,DRI",10,0.03339429183128957,0.013014178930770354,0.04009548303052653,0.004,0.02939429183128957,-0.2532346187967247,-0.5278212161339756,-0.26422510243088293
2025-04-17,"FRT,VJC,DGC,APP,TRC,ACV,CSM,VIG,ASM,IJC",10,0.04145800716490446,0.02306731680141207,0.04366927894699653,0.004,0.03745800716490447,-0.22227521427229668,-0.5101343398648062,-0.24725274977412948
2025-04-18,"VJC,FRT,CTR,DGC,AVG,CST,EVS,TVN,SAM,IDI",10,0.0043582613019517045,0.01110590892214596,0.04164441542741861,0.004,0.00035826130195170443,-0.218885686435091,-0.5099588399556247,-0.23889280737172514
2025-04-21,"VEF,VJC,DGC,FRT,CTR,CST,VPH,KDC,APP,UDC",10,0.016933862808997814,0.017087532289669093,0.06010201899066372,0.004,0.012933862808997814,-0.20565840381103828,-0.5036207148208486,-0.22588736364179007
2025-04-22,"VJC,FRT,DGC,EVS,CTR,VPH,IDI,BCM,TVN,BMS",10,0.06529120398909345,0.03942760075292353,0.031425677262492346,0.004,0.06129120398909345,-0.15379488461724278,-0.47319703079697284,-0.19536595967766557
2025-04-23,"VJC,DGC,TRC,HAP,ACV,GEE,IDI,KDC,SAM,EVS",10,0.03927390841426822,0.03998680012953913,0.02992204435048438,0.004,0.035273908414268224,-0.12056110241601514,-0.45461463110894074,-0.1631912191298729
2025-04-24,"VJC,CTR,DGC,BCM,TRC,KDC,STB,ACV,EVS,TVN",10,0.01353276150541739,0.027346181905096696,0.03435483851162839,0.004,0.00953276150541739,-0.10865986555642382,-0.4494156024587581,-0.14030769398841625
2025-04-25,"CTR,VJC,DGC,BCM,FRT,EVG,THT,ACV,KDC,TDC",10,0.021495300952288954,0.02560548061956218,0.034024738748604656,0.004,0.017495300952288954,-0.08950024111570554,-0.4397829627241394,-0.11829485930804984
2025-04-28,"VJC,CTR,DGC,FRT,KDC,ASM,HT1,BCM,VIG,ANV",10,0.02566914945278418,0.03219387949478034,0.03581998984386085,0.004,0.02166914945278418,-0.06612848672818072,-0.4276435360174129,-0.08990935025868496
2025-04-29,"VJC,CTR,DGC,TVN,KDC,THG,ASM,IDI,SAM,ANV",10,0.03343619817214262,0.028555425416567155,0.0400860518007232,0.004,0.02943619817214262,-0.03490337374310537,-0.4107955377185146,-0.06392132458768163
2025-05-05,"CTR,VJC,DGC,HAP,KDC,THT,TRC,IDI,ASM,EVG",10,0.018407880482734416,0.023409721066858995,0.03559219667458162,0.004,0.014407880482734416,-0.01713799039267827,-0.4023063502460692,-0.04200798389964455
2025-05-06,"VJC,CTR,DGC,KDC,HAP,PHC,BCM,IDI,VLC,EVG",10,0.01764786227839551,0.024448676618111054,0.03550460124979173,0.004,0.013647862278395508,0.00020742299153875265,-0.39414910962955596,-0.018586346895274608
2025-05-07,"VJC,DGC,FRT,CTR,KDC,HAP,TS3,IDI,HDB,TVN",10,0.03190401417711537,0.024025495669031997,0.03781459933220843,0.004,0.027904014177115372,0.032118054794716855,-0.3772434377954411,0.004992602576921801
2025-05-08,"VJC,DGC,FRT,CTR,KDC,VTD,IDI,SAM,EVG,CTI",10,0.016985106048658726,0.013963933649139112,0.03332382542182686,0.004,0.012985106048658726,0.049648689410140445,-0.3691568777927168,0.019026252597181603
2025-05-09,"VJC,FRT,DGC,CTR,KDC,VTD,HAP,IDI,EVG,SAM",10,0.007646164383508391,0.01167623706324944,0.0391974111846942,0.004,0.003646164383508391,0.05767447583430463,-0.3668567200689433,0.03092464469618106
2025-05-12,"FRT,VEF,VJC,DGC,CTR,ACV,KDC,HAP,SAM,SAS",10,0.004603764819617351,-0.003663293999388506,0.05720249635870278,0.004,0.0006037648196173511,0.0625437603767578,-0.3664744504307438,0.027148064631443924
2025-05-13,"VJC,DGC,FRT,CTR,DBD,KDC,ACV,EVG,THT,OIL",10,-0.006513585025309665,-0.001474418874263881,0.033729678621604385,0.004,-0.010513585025309665,0.05562279125043146,-0.3731350751618462,0.025633618138287684
2025-05-14,"VJC,DGC,FRT,ACV,VPH,VTD,KDC,EVG,THT,HAP",10,-0.01825932751903505,-0.0034954405017237123,0.02609258588594292,0.004,-0.02225932751903505,0.036347828968431806,-0.3870886668340139,0.022048576849517776
2025-05-15,"VJC,DGC,MSN,KDC,LDP,VTD,VPH,HAP,VIG,EVG",10,-0.02996380514701098,-0.013505428752761492,0.02725557441890749,0.004,-0.03396380514701098,0.005294904556693902,-0.4079054679260582,0.00824537261301539
2025-05-16,"VJC,DGC,VIG,VHC,VPH,EVG,ACV,SAM,MSN,IDI",10,-0.009383189389588032,-0.005830738703052377,0.02668752608028191,0.004,-0.013383189389588032,-0.004137967925149422,-0.4158295811853433,0.0023665572967472848
2025-05-19,"VJC,DGC,HIO,VIG,VPH,IDI,ASM,SAM,BCM,EVG",10,0.040724582146878886,0.021971284444471134,0.038032214266469654,0.004,0.03672458214687889,0.03641809720704048,-0.39437616665180775,0.024389838044739376
2025-05-20,"VJC,DGC,VPH,VIG,ACV,SAM,GEE,MSN,HCD,MPC",10,0.03591474017182476,0.025453235447684457,0.033543092543186326,0.004,0.03191474017182476,0.0736407838776083,-0.3750478393686357,0.05046387378270745
2025-05-21,"VJC,DGC,IDI,ASM,VIG,JVC,BCM,VPH,CTR,TVN",10,0.021698963768540313,0.022948234527335992,0.030080748986915994,0.004,0.017698963768540313,0.0969376763473957,-0.3639868337205502,0.07457016512076686
2025-05-22,"VJC,DGC,CTR,BCM,JVC,TRC,ASM,VPH,SAM,EVG",10,0.03375770560064832,0.0304552760219373,0.039017614694131474,0.004,0.02975770560064832,0.13396777548779037,-0.3450605411602701,0.10729649610445846
2025-05-23,"VJC,DGC,CTR,DST,MSN,VPH,HAP,ASM,JVC,VTD",10,0.017542269598265027,0.01910227799013802,0.03492827061348118,0.004,0.013542269598265027,0.153860143921142,-0.33619117443812063,0.1284483815905515
2025-05-26,"VJC,DGC,CTP,CTR,VPH,HAP,NHH,FCN,JVC,MSN",10,-0.008429284445204443,0.008050443416594237,0.03198639236926435,0.004,-0.012429284445204443,0.1441339285580463,-0.3444418431482663,0.1375328914350935
2025-05-27,"VJC,DGC,JVC,VPH,CTP,EVS,CTR,VIG,VDS,APG",10,0.026615994627531992,0.002613042068450149,0.025830805775017774,0.004,0.022615994627531992,0.1745861910537243,-0.32961574339487276,0.14050531273465916
2025-05-28,"VJC,DGC,CTR,EVG,MPC,JVC,CTP,VTD,IDI,ASM",10,0.004614249139460879,0.008791449714964253,0.02927405828047023,0.004,0.0006142491394608793,0.18000602437501678,-0.32920396044214484,0.15053200784121534
2025-05-29,"VJC,DGC,CTR,JVC,VPH,ASM,EVG,ACV,HAP,PHC",10,0.02223870000704724,0.012292054794347463,0.03378170500574995,0.004,0.01823870000704724,0.20624782435760114,-0.3169695127107337,0.16467441032425012
2025-05-30,"VJC,DGC,CTR,VPH,JVC,VTD,HAP,ASM,SAM,ACV",10,0.013457419965172867,0.009949799125877987,0.039802049172933396,0.004,0.009457419965172867,0.2224808079120575,-0.3105098065434224,0.17626268675402668
2025-06-02,"VJC,DGC,CTR,BCM,GMH,JVC,VPH,HAP,IDI,ACV",10,-0.0023245000426290073,-0.006808934457258526,0.03464751079044224,0.004,-0.006324500042629007,0.21963915122195288,-0.3148704873013308,0.16825359121539973
2025-06-03,"VJC,DGC,CTR,VPH,ACV,VSH,ASM,PHC,MSN,HAP",10,-0.0047274310775904495,-0.013807687229980672,0.03266401029138877,0.004,-0.008727431077590449,0.21387339119502013,-0.32084990790263157,0.15212271102259578
2025-06-04,"VJC,DGC,CTR,PHC,EVS,VIG,THT,VTD,VPG,JVC",10,-0.02449942075427016,-0.014287093627256752,0.030320300957427902,0.004,-0.02849942075427016,0.18413419624172067,-0.34020529213261574,0.135662225980127
2025-06-05,"VJC,DGC,CTR,VPG,EVS,JVC,VIG,VTD,ASM,EVG",10,-0.030927349895208445,-0.011924932568447162,0.02904884670444785,0.004,-0.034927349895208445,0.14751206363167157,-0.36325017275330673,0.1221195305147813
2025-06-06,"VJC,DGC,CTR,VPG,EVG,JVC,VPH,SAM,EVS,ASM",10,-0.01885163818561174,-0.004305792358142122,0.03787471527573831,0.004,-0.022851638185611742,0.12587958139446265,-0.37780094942029896,0.11728791681536865
2025-06-09,"VJC,DGC,CTR,VPG,BCM,VPH,IDI,TCI,EVG,DST",10,0.023800389474989404,0.017222552780897758,0.04225466502070045,0.004,0.019800389474989404,0.1526759539335889,-0.3654811658878523,0.1365304669341807
2025-06-10,"VJC,DGC,CTR,VPG,ASM,VIG,EVG,HAP,IDI,AGG",10,0.022439814745628527,0.021771998912279978,0.03472210928509969,0.004,0.018439814745628526,0.17854178880159943,-0.353780756134212,0.16127500702404474
2025-06-11,"VJC,DGC,ACV,ASM,IDI,GEE,VTD,HAP,DPR,POW",10,0.016658317665057043,0.013073438001875078,0.029936494479650255,0.004,0.012658317665057043,0.1981743123010009,-0.3456007076640859,0.17645686383150072
2025-06-12,"VJC,DGC,VPG,VPH,IDI,EVG,SAM,HAP,EVS,JVC",10,-0.009093042213024838,0.010017764150818563,0.02700566875772683,0.004,-0.013093042213024838,0.18727926270068584,-0.3541687852228136,0.1882423312269763
2025-06-13,"VJC,DGC,VPG,S99,EVG,VHM,HAP,IDI,TCI,VPH",10,0.020399292027064874,0.01958791071316047,0.032888313659096946,0.004,0.016399292027064874,0.2114989190981953,-0.3435776105314885,0.21151751591664802
2025-06-16,"VJC,VHM,VPG,VTD,SAM,EVG,CSV,PHC,TDT,IMP",10,0.005653866624825499,0.005913929465171457,0.024398663318742363,0.004,0.001653866624825499,0.21834857240289685,-0.3424919754497583,0.2186823450515989
2025-06-17,"VJC,VPG,EVS,MSN,SAM,EVG,HAP,IDI,JVC,STB",10,0.005301589948116392,-0.00013387952918609796,0.021954955382622866,0.004,0.0013015899481163915,0.22480775694764987,-0.34163616961419785,0.218519188433016
2025-06-18,"VJC,VPG,MSN,IDI,DCL,EVG,JVC,DGC,TDT,ASM",10,-0.006201008644880146,0.0017557639337598633,0.021888295518288258,0.004,-0.010201008644880147,0.21721271345850113,-0.3483521447394399,0.22065862047666096
2025-06-19,"VJC,VPG,EVG,SAM,ASM,JVC,DGC,TCI,TVN,HAP",10,-0.0038079654783939264,0.006669581155433788,0.021807048879052916,0.004,-0.007807965478393927,0.21257760946578896,-0.3534401886973838,0.22879990220900992
2025-06-20,"VJC,VLB,VSH,EVG,JVC,SAM,CTP,VPG,EVS,DGC",10,0.010302048843907808,0.006900176848729521,0.025240073323729108,0.004,0.0063020488439078075,0.22506964322553458,-0.3493655371860469,0.2372788388459537
2025-06-23,"VJC,VHC,MSN,EVG,SAM,VSH,GEE,JVC,HAP,CRE",10,0.0379256511597618,0.012065716493225272,0.025993740224588713,0.004,0.0339256511597618,0.27153120716092016,-0.32729233936810165,0.25220749453853575
2025-06-24,"VJC,VPH,EVG,GEE,JVC,AVG,SAM,VSH,VHC,TCI",10,0.015837583193635107,0.0067657576316380395,0.026844178258427154,0.004,0.011837583193635107,0.29166918843763434,-0.31932910647037593,0.26067962695110425
2025-06-25,"VJC,JVC,VPH,SAM,VHC,PHC,HPD,CRE,DGC,NHH",10,0.02738296214351583,0.016014501747221736,0.025116627623958342,0.004,0.02338296214351583,0.3270389169265677,-0.3034130047347797,0.2808687830395995
2025-06-26,"VJC,JVC,TVN,SAM,VBB,VIG,RYG,VPG,IDI,HAP",10,0.026017688715396725,0.012280057733144795,0.023182486071376917,0.004,0.022017688715396725,0.36156540238038026,-0.28807576910983657,0.29659792564390863
2025-06-27,"VJC,SMT,EVG,DCL,HAP,TVN,ACV,VIG,SAM,ASM",10,0.016872030018744388,0.013971581062144552,0.02478029565977613,0.004,0.012872030018744388,0.3845377747218257,-0.27891185903874693,0.3147134486670511
2025-06-30,"VJC,EVG,JVC,TVN,HAP,ACV,VHC,ASM,NHH,GDA",10,0.014337699393044,0.018538087764772043,0.02132109154154571,0.004,0.010337699393044,0.40438886113410133,-0.27145746660160064,0.33908572196396713
2025-07-01,"VJC,VPH,EVG,ASM,VIG,PHC,MSN,NHH,JVC,L14",10,0.03743006781919028,0.027196736252814022,0.023183978008497474,0.004,0.03343006781919028,0.45695523145086625,-0.24710224030092742,0.3755044831641303
2025-07-02,"VJC,KDC,EVG,JVC,MSN,NHH,TCI,POW,DST,CRE",10,0.036630262444344044,0.022263648652454386,0.020949324588249208,0.004,0.03263026244434404,0.5103238839485713,-0.22253498880818812,0.4061282316971724
2025-07-03,"VJC,THG,MSN,VPH,JVC,DPR,ASM,ACV,EVS,IDI",10,0.035535842968705156,0.02819912775555027,0.026241300368769593,0.004,0.03153584296870515,0.5639945163204527,-0.1980169743015805,0.4457798213434869
2025-07-04,"VJC,MSN,KDC,ACV,ASM,EVS,EVG,S99,JVC,SAM",10,0.03912508501898776,0.02417302592543072,0.02308551812035513,0.004,0.035125085018987756,0.6251859347407209,-0.16984725234013853,0.4807286944472875
2025-07-07,"VJC,MSN,JVC,EVG,IDI,PHC,ASM,VIG,LSG,HAG",10,0.055453749607763544,0.02122941688533711,0.019381281570289045,0.004,0.05145374960776354,0.7153085886318922,-0.1271327807258511,0.5121637011957898
2025-07-08,"VJC,VLB,JVC,PHC,TNT,VPH,MSN,EVS,CSV,HAG",10,0.03015288593415256,0.01593998843443008,0.014838892794677472,0.004,0.02615288593415256,0.7670300928467819,-0.10430478390451325,0.5362675731038156
2025-07-09,"VJC,KDC,VPH,JVC,DBD,PHC,TDT,NLG,TNT,VTD",10,0.030833128826676114,0.020065146846215454,0.017931319742026976,0.004,0.026833128826676114,0.8215131593401401,-0.08027047878158555,0.5670930075532226
2025-07-10,"VJC,DBD,KDC,BCM,HAP,VPH,PHC,IJC,IDI,HAG",10,0.014167871538713595,0.025736918824784696,0.016687393893027203,0.004,0.010167871538713595,0.8473201237877477,-0.07091878715947408,0.6074251530795076
2025-07-11,"PHC,KDC,DST,IDI,VHM,VPH,VTD,JVC,DPR,SAM",10,0.03856116266064815,0.027000288032336537,0.015077208165574164,0.004,0.034561162660648154,0.9185549355674156,-0.03880866023754037,0.6508260952030771
2025-07-14,"KDC,DST,MSN,EVS,S99,EVG,MPC,VRG,JVC,VPG",10,0.029860440829020764,0.016358699335602495,0.010576789353774462,0.004,0.025860440829020764,0.9758438316981524,-0.013951828470246008,0.6778314629498707
2025-07-15,"PHC,MSN,DST,VHM,EVG,VJC,DPR,KDC,HAP,VTD",10,0.03334677960104143,0.024238417840831326,0.01666489921424319,0.004,0.029346779601041432,1.0417318604798678,0.014985509895647509,0.7184994430153429
2025-07-16,"VJC,MSN,VHC,KDC,VHM,NLG,JVC,VPG,VTD,MPC",10,0.03563259589960312,0.0234883934924718,0.013407344431873858,0.004,0.031632595899603114,1.1144840667996916,0.047092136374129234,0.7588642341494809
2025-07-17,"DBD,EVS,KDC,PHC,DST,DPR,VTD,VPH,TDS,VHC",10,0.013920037044168321,0.015258394667717006,0.01230464136203635,0.004,0.009920037044168321,1.1439177633388469,0.05747932915561793,0.7857016788010653
2025-07-18,"VHC,PHC,KDC,VPH,DBD,VTD,TNT,TDT,HPX,SAM",10,0.010957676271657247,0.022648128670404916,0.014438913122966125,0.004,0.0069576762716572465,1.1674101201425695,0.06483692799185192,0.8261444801895101
2025-07-21,"DBD,PHC,VIG,GEE,VHC,VPH,ASM,TDC,CLX,TDS",10,0.049453864201289374,0.041815591501872626,0.014716706211926445,0.004,0.04545386420128937,1.2745969258926007,0.11323788111331168,0.902505791796514
2025-07-22,"PHC,VCA,CTX,TNT,BTS,VIG,TRC,HPX,DPR,VHC",10,-0.006108379798358032,6.90469796991994e-05,0.012212898201151567,0.004,-0.010108379798358033,1.2607028239810711,0.10198484980509903,0.9026371540752975
2025-07-23,"PLP,VPH,EVG,PHC,JVC,HPX,TRC,IDI,D2D,BCM",10,-0.00951363711195068,0.0020394102522758688,0.013063417075645511,0.004,-0.01351363711195068,1.2391953176957533,0.0870930264419656,0.9065174117936796
2025-07-24,"APP,VIG,PHC,SHN,HPX,HAP,HAG,VPH,EVS,APG",10,-0.007672483804108099,0.003566753011521267,0.012980522902366176,0.004,-0.011672483804108099,1.2220151278864977,0.07440395069726291,0.9133174885137125
2025-07-25,"DBD,THG,ACV,HPX,HAP,PHC,JVC,VTD,GEE,MSN",10,-0.019209103579054865,-0.005674909673787707,0.014047609752116764,0.004,-0.023209103579054865,1.179332209140699,0.04946799811978453,0.9024595845891188
2025-07-28,"PLP,PHC,TRC,HAP,VRE,VTD,BCM,ACV,JVC,PBC",10,-0.010585804161991952,-0.009141689258161566,0.009857885635921337,0.004,-0.014585804161991952,1.1562622251708143,0.034160663424931625,0.8850678902405937
2025-07-29,"PHC,BVS,TRC,ACV,HPX,PLP,DGW,TNT,VPG,NLG",10,0.03602527937407218,0.028119097286775696,0.02579099425711815,0.004,0.03202527937407218,1.2339421742363519,0.06727994758879108,0.9380742976384462
2025-07-30,"HPX,BCM,ACV,PHC,DGW,DBD,VPH,EVS,PBC,SSB",10,0.030807190367469383,0.03720457630539187,0.014553307914263302,0.004,0.026807190367469383,1.3027636560679694,0.09589072431918644,1.0101795307304546
2025-07-31,"CTR,PHC,DGW,HPX,VTD,DBD,PLP,VOS,CRE,JVC",10,0.03126337593435302,0.032658118013456194,0.01847102290678415,0.004,0.02726337593435302,1.3747558219355875,0.1257684051192709,1.0758282110732837
2025-08-01,"CTR,GEE,PLP,BVS,VPH,HPX,EVS,VTD,SHN,MSB",10,0.052441936527604406,0.0435430421177321,0.015297116802532007,0.004,0.04844193652760441,1.4992926160180926,0.1803028067448409,1.1662160862972244
2025-08-04,"HPX,TNT,JVC,SHN,VIG,HBS,DCL,BAF,PLP,CTR",10,0.05706385891670589,0.04752860851841528,0.0093711152865112,0.004,0.05306385891670588,1.6419118972501137,0.24293422836094103,1.2691733226291388
2025-08-05,"PHC,CTR,IDI,S99,MSN,HPX,HBS,BCM,ASM,EVS",10,0.06452467933412928,0.0465694381198925,0.015615178309202227,0.004,0.06052467933412928,1.8123804152491982,0.3181624239659002,1.3748474492606273
2025-08-06,"HPX,BTS,S99,JVC,VPH,DCL,VIG,TDC,CTR,MSN",10,0.05207445663113501,0.03311361754947378,0.008710558166250704,0.004,0.04807445663113501,1.9588335972133462,0.3815323662496408,1.453487239433787
2025-08-07,"HAP,HBS,JVC,HPX,S99,ACV,VCI,VPH,OIL,HCD",10,0.012912975735382925,0.03281770764306687,0.009968948981139647,0.004,0.008912975735382925,1.997040943659198,0.39384593070767004,1.5340050663635205
2025-08-08,"VJC,DGW,HPX,JVC,TVN,BTS,VIG,HBS,TAR,VPH",10,0.016527906508397937,0.009996112220576567,0.012204169205237614,0.004,0.012527906508397937,2.046575756177838,0.4113079022146866,1.5593352653743997
2025-08-11,"HAP,VJC,TRC,BTS,JVC,TVN,HBS,SHN,ILA,VRE",10,0.021603927481875194,0.018445355402269145,0.012097947121601815,0.004,0.017603927481875194,2.1123937578823426,0.4361524641798713,1.6065431139377915
2025-08-12,"TRC,SHN,HAP,DGW,HPX,ASM,MSN,VPH,TVN,HBS",10,0.020450328114890347,0.0218791407302211,0.014094255367026753,0.004,0.016450328114890347,2.1760432314537734,0.4597776434386387,1.6635720375470249
2025-08-13,"TRC,NFC,DBD,SHN,VLB,HPX,PLP,VPH,JVC,TVN",10,-0.021253766257189454,0.0006843839598521256,0.016570570597605094,0.004,-0.025253766257189454,2.1085403509897263,0.42291276004376854,1.6653949435254325
2025-08-14,"TRC,GEE,DPR,VHC,JVC,HPX,SHN,CTP,CTR,VPH",10,-0.039127327100922926,-0.013806176532469783,0.016552489223153645,0.004,-0.04312732710092293,1.9869114758701336,0.36154633600528396,1.628596030406368
2025-08-15,"SHN,HPX,DBD,HBS,CTR,DGW,MSN,D2D,TDC,VIG",10,-0.047568597661759526,-0.022792317534617197,0.018838607974361744,0.004,-0.05156859766175953,1.844828285623175,0.29133330080598463,1.5686842350111116
2025-08-18,"CTR,VPG,CTP,HPX,IDI,MSN,JVC,HAP,DPR,DRI",10,-0.060721420084747714,-0.05214994537472259,0.013090112176509438,0.004,-0.06472142008474771,1.6720862722228778,0.20775637577509665,1.4347274924703712
2025-08-19,"CTR,GEE,D2D,SHN,APG,JVC,DBC,IDI,BTS,VPH",10,-0.042246012637414176,-0.03503099182137535,0.01431594966047205,0.004,-0.04624601263741418,1.559201281798289,0.15190245915808398,1.3494365735943639
2025-08-20,"CTR,DGW,JVC,PHC,TVN,MML,TTN,VPH,IDI,ACV",10,-0.03442912674059665,-0.020826955952714134,0.020767445743920775,0.004,-0.03842912674059665,1.4710902165125583,0.107635853562293,1.3005049615624187
2025-08-21,"CTR,PHC,VHC,DBD,IDI,NLG,HPX,ASM,BTS,VPH",10,-0.006798352636237681,-0.008381967392494433,0.021762222827144108,0.004,-0.010798352636237681,1.4542908738247493,0.09567521102298726,1.2812222039883308
2025-08-22,"CTR,TRC,DBD,VIG,JVC,TVN,NAG,NHA,SHN,VPG",10,0.031503610622566305,0.02068537517151887,0.02795366359345115,0.004,0.027503610622566305,1.5316098978682424,0.12581023539576175,1.3284101411274283
2025-08-25,"SAM,CTR,TNT,NAG,JVC,GEE,VPG,DSC,DGW,PHC",10,0.06907052666546301,0.05397411233293238,0.025602842444170347,0.004,0.06507052666546301,1.7064695268255008,0.19906730033833275,1.4540840116417795
2025-08-26,"CTR,JVC,TDT,SAM,ACV,HPX,BTP,VPG,VPH,OIL",10,0.04123032897347736,0.028496466607965752,0.015546001373496621,0.004,0.03723032897347736,1.8180581557732078,0.24370897039126826,1.524016734732672
2025-08-27,"CTR,JVC,PHC,SAM,VPG,TVN,HPX,OIL,DSC,VIG",10,0.05218809955860926,0.015887433071689393,0.019740455134264832,0.004,0.048188099558609254,1.965127255368651,0.3036409420784181,1.5641168816775615
2025-08-28,"CTR,JVC,HPX,MSN,STB,VPG,SAM,HAP,PHC,VHC",10,0.0008189032823873732,-0.0261684791598516,0.019905979060467184,0.004,-0.003181096717612627,1.9675554078107687,0.29949393415662695,1.4970178424959588
2025-08-29,"CTR,MSN,L14,VHC,STB,HPX,VPH,ASM,NAG,IDI",10,-0.016307502373145377,-0.027772772272248756,0.017811632590638116,0.004,-0.020307502373145377,1.919161990955454,0.27310445800485317,1.4276687345965766
2025-09-03,"CTR,MSN,ASM,HPX,DGW,JVC,PHC,IDI,NLG,VHC",10,-0.014351291575262737,-0.034433500774234384,0.016702825674629707,0.004,-0.01835129157526274,1.8772682460678278,0.2497413468902392,1.3440756013442607
2025-09-04,"CTR,NLG,JVC,ASM,VPH,EVG,MSN,PBC,IDI,HPX",10,-0.026775663475491894,-0.030564534635532162,0.014308395179409716,0.004,-0.030775663475491894,1.800227479782397,0.21127972776693715,1.2724300214386681
2025-09-05,"CTR,MSN,BVS,EVS,HPX,NLG,AVG,GEE,SAM,VPH",10,-0.03259922132293095,-0.007742575570831638,0.0204795400758792,0.004,-0.03659922132293095,1.7089422444144176,0.16694783292641557,1.2548355602682526
2025-09-08,"CTR,GEE,EVS,VIG,SAM,HBS,L14,ASM,HPX,NVL",10,0.03321188052880568,0.03528013501068062,0.031173687131265317,0.004,0.02921188052880568,1.798911310595344,0.20103657360521088,1.3343864632614002
2025-09-09,"CTR,SAM,EVS,VPG,HPX,CTP,APG,PLP,ACV,VIG",10,0.007773625578608256,0.021349184766469773,0.02016462067883871,0.004,0.003773625578608256,1.820668999151644,0.20556883594021147,1.3842237111819138
2025-09-10,"CTR,SAM,TNT,VPG,HPX,ASM,PLP,EVG,DGW,EVS",10,0.008274273560514456,0.010457408754446128,0.02327646234715628,0.004,0.004274273560514456,1.844007986074287,0.21072176694105083,1.4091565130917858
2025-09-11,"CTR,IMP,SAM,PHC,ASM,HPX,VPG,VIG,PLP,HAP",10,0.0009481759027733183,0.003236904687813373,0.019547995817345988,0.004,-0.003051824097226682,1.846704605913978,0.20702685707766322,1.4169547231026884
2025-09-12,"CTR,GEE,HPX,EVG,IDI,STB,TAR,VLB,EVS,SAM",10,-0.016759443800955277,-0.013568033350172998,0.01789087880618594,0.004,-0.020759443800955277,1.798995420053242,0.18196965087191574,1.384161400813773
2025-09-15,"CTR,VTD,MSN,PHC,EVS,PBC,RYG,HPX,DVN,EVG",10,-0.036438733056738226,-0.03867852542724553,0.014845155821872536,0.004,-0.04043873305673823,1.6970035731148894,0.13417229567914024,1.2919455534497404
2025-09-16,"CTR,MSN,VLB,DGW,VTD,EVG,ALV,HPX,TCI,BCM",10,-0.04979248321180291,-0.03237039209046494,0.02157191281446098,0.004,-0.05379248321180291,1.562713067978394,0.0731623515045281,1.2177543772345745
2025-09-17,"MSN,CTR,SAM,S99,KDC,GEE,VTD,EVG,PHC,HPX",10,-0.02959781645008932,-0.005465125201644612,0.022574476550178392,0.004,-0.033597816450089316,1.4868623569781243,0.0371064397975327,1.2056340718964922
2025-09-18,"CTR,MSN,ACV,HPX,VIG,SAM,VPG,PHC,BCM,RIC",10,-0.009256842895880135,0.002042526179488458,0.0230114785827475,0.004,-0.013256842895880135,1.4638418628358996,0.023357682658831314,1.2101391372307124
2025-09-19,"CTR,MSN,TAR,HPX,S99,STB,SAM,EVS,VIG,CRE",10,-0.014509563199639397,-0.004671762542301497,0.02507145642456925,0.004,-0.018509563199639395,1.4280925936131648,0.004415778955821237,1.1998138919961234
2025-09-22,"MSN,CTR,STB,HPX,IDI,GEE,TCI,VIG,DGC,HAP",10,0.016033346975552976,0.006521779982667244,0.02806908635959158,0.004,0.012033346975552976,1.4670230446553347,0.016502262531716827,1.214160594202537
2025-09-23,"MSN,CTR,HPX,VHC,STB,SAM,DGC,TCI,DRI,EVS",10,-0.01007928978404008,0.0022611574498240636,0.025639511094816637,0.004,-0.01407928978404008,1.442157204484349,0.0021906326114005115,1.2191671599252252
2025-09-24,"MSN,CTR,HPX,VTD,IDI,VIG,EVS,S99,VPG",9,-0.010658007860782723,-0.00909097929772542,0.024345883361367622,0.004,-0.014658007860782724,1.4161286738016874,-0.012499485559420265,1.198992757216153
2025-09-25,"MSN,CTR,DST,HPX,CSM,VIG,MML,APG,TVN,MSB",10,-0.021459932520705514,-0.024308880526238162,0.022781897197801458,0.004,-0.025459932520705515,1.3642787155005616,-0.03764118202123945,1.1455377050029223
2025-09-26,"MSN,CTR,HPX,TVN,L14,DGC,VIG,D2D,IDI,S99",10,-0.049880433917284625,-0.028751562469280123,0.023576756458987647,0.004,-0.05388043391728463,1.2463474672699935,-0.08949349271806017,1.083850143647335
2025-09-29,"CTR,VVS,DGC,HPX,HBS,TVN,IDI,MSN,EVG,DAT",10,-0.012474893024943524,0.004401638757235764,0.024064464006236207,0.004,-0.016474893024943524,1.2183245229189477,-0.10449399002404514,1.0930224992038844
2025-09-30,"CTR,DGC,MSN,IDI,SAM,HPX,EVS,TVN,ASM,DRI",10,-0.006446352498663255,-0.0008921841783353825,0.02439884843811859,0.004,-0.010446352498663256,1.2040244210877833,-0.11384876146892542,1.091155137645195
2025-10-01,"CTR,CTP,MSN,DGC,IDI,JVC,EVS,SAM,FRT,VHC",10,0.005912626787228837,0.005028243440610227,0.03005987475082599,0.004,0.0019126267872288365,1.2170559949196136,-0.11215388487257483,1.1016699747493575
2025-10-02,"CTR,DGC,MSN,JVC,FRT,STB,HPX,EVG,TVN,CTP",10,0.017277872119079295,0.02044184635036996,0.030004258327891175,0.004,0.013277872119079295,1.255362004880673,-0.10036517769449149,1.1446319894523698
2025-10-03,"CTR,DGC,DGW,FRT,EVG,EVS,VIG,SAM,DHA,S99",10,0.041062391733927985,0.030144646094938856,0.02989948605500825,0.004,0.03706239173392799,1.3479725630269002,-0.06702255949272218,1.209281161778296
2025-10-06,"CTR,MSN,DGC,FRT,PBC,VPG,CRE,ASM,VHC,CLX",10,-0.00011304031393662983,-0.0034801234152152037,0.028910272848491438,0.004,-0.00411304031393663,1.3477071474712607,-0.07085993331752205,1.2015925906763973
2025-10-07,"MSN,CTR,CTP,DGC,HPX,VHC,VPH,CRE,TS3,VPG",10,-0.019289518217826727,-0.0097054366676996,0.03762544993329318,0.004,-0.023289518217826728,1.3024210076799916,-0.09249915782743645,1.1802251732195108
2025-10-08,"MSN,CTR,CTP,DGC,VMD,VPG,STB,PCH,TVN,VHC",10,-0.008266914929117252,-0.009974672153151164,0.03327045199878618,0.004,-0.012266914929117252,1.2833870890784889,-0.10363139345646954,1.158478141896599
2025-10-09,"MSN,CTR,DGC,VPG,ASM,VIG,VHC,APG,EVG,CRE",10,-0.0188568855687715,-0.012397355582355656,0.031741600319062056,0.004,-0.0228568855687715,1.2403295200305253,-0.12411958812367418,1.1317187208547645
2025-10-10,"MSN,CTR,DGC,VTD,VLB,VPH,CRE,TNT,MPC,VIG",10,-0.014417506430430526,-0.025118405764273558,0.031246717631565547,0.004,-0.018417506430430525,1.208029554769202,-0.14025112124169448,1.0781733450490365
2025-10-13,"CTR,MSN,ACV,VPG,VPH,HAP,DGW,ASM,LDP,DGC",10,-0.04629866158443552,-0.07149186374417216,0.028925119939123233,0.004,-0.05029866158443552,1.105800741644511,-0.18349533914195637,0.9296008594280203
2025-10-14,"CTR,MSN,SAM,VPH,EVS,ASM,CTP,VPG,PHC,IDI",10,-0.060183559603275406,-0.047473289691238915,0.03487661955682073,0.004,-0.0641835596032754,0.9790661571971271,-0.23590151470849074,0.8379963588399304
2025-10-15,"MSN,CTR,SAM,DGC,EVS,VPG,PHC,ASM,VIG,IDI",10,-0.031320221086574375,-0.028570910234613764,0.027677591521600896,0.004,-0.03532022108657437,0.9170813676087559,-0.2628896421409035,0.7854831298599678
2025-10-16,"MSN,VPG,PHC,VIG,DGC,EVS,VPH,ASM,STB,KDC",10,-0.03865392052693682,-0.03307134809519038,0.02625961570081281,0.004,-0.042653920526936825,0.8429786567815356,-0.2943302887646073,0.7264347957542787
2025-10-17,"MSN,DGC,HBS,PHC,VIG,EVS,VHC,SAM,MML,JVC",10,-0.04897218809181958,-0.02991388875832946,0.028800951387363494,0.004,-0.05297218809181958,0.7527239593524213,-0.3317111574388686,0.6747904173255761
2025-10-20,"MSN,DGC,CTR,TCI,VRE,EVS,VLB,VIG,ASM,IDI",10,0.019496463705219458,0.011276967207784237,0.04852070429005066,0.004,0.015496463705219458,0.7868958784112043,-0.3213550436455168,0.6936769739416677
2025-10-21,"CTR,DGC,EVG,MSN,VIG,VDS,GSP,NVL,ASM,EVS",10,0.02108844177937842,0.011730233417882532,0.031011569807782302,0.004,0.01708844177937842,0.8245787281088903,-0.3097580588199844,0.7135442001804966
2025-10-22,"CTR,DGC,EVG,EVS,ASM,MSN,TCI,VPG,NVL,IDI",10,0.022573656876799762,0.012123524451838237,0.024038671591755233,0.004,0.018573656876799762,0.8657661422619283,-0.29693774184253063,0.7343183951906904
2025-10-23,"DGC,CTR,EVG,VHC,MSN,VIG,TCI,ASM,EVS,IDI",10,0.03470200368903813,0.010035437716189553,0.023627488944640375,0.004,0.030702003689038127,0.9305119658135843,-0.2753523217989565,0.7517230394256684
2025-10-24,"VHM,DGC,CTR,STB,ASM,IDI,CT3,TVN,HT1,EVG",10,0.012483784374186957,0.015843847913713387,0.024886780728304102,0.004,0.008483784374186957,0.9546120609265889,-0.26920456714984364,0.7794770728492764
2025-10-27,"DGC,CTR,STB,EVG,VHM,VPG,NAG,VHC,TCI,L14",10,-0.0359079086282499,0.0019981169022863323,0.022922160748301133,0.004,-0.0399079086282499,0.8844260296391617,-0.29836908450997,0.7830326760657673
2025-10-28,"CTR,DGC,ACV,EVG,IDI,CRE,HT1,CSM,ASM,OIL",10,0.006093382737503783,0.004691262346737914,0.015421881646334734,0.004,0.0020933827375037833,0.8959085586782678,-0.29690030246338417,0.791397350121998
2025-10-29,"DGC,CTR,ACV,OIL,JVC,SMT,ASM,EVS,NVL,AFX",10,-0.006692021916154744,-0.015056326112500608,0.013407418429838214,0.004,-0.010692021916154745,0.8832210970525676,-0.3044178598386874,0.7644254874214917
2025-10-30,"DGC,TRC,VPG,ACV,VPH,SAM,CRE,APG,MBB,EVS",10,-0.007642105264572219,-0.01770679274725027,0.016277363063775207,0.004,-0.011642105264572218,0.8688293231924287,-0.31251590033460186,0.7331831709977534
2025-10-31,"HBS,VHM,VHC,DGC,EVG,VPG,CTR,ASM,ACV,CT3",10,-0.03933324281762347,-0.0346360609120541,0.02158258619669664,0.004,-0.04333324281762348,0.7953222056386058,-0.34230681575865785,0.6731525331153283
2025-11-03,"VPG,VHM,CTR,DGC,EVS,CTP,DGW,SHS,EVG,MSN",10,-0.02996044760692378,-0.02333379906483126,0.02616441563206129,0.004,-0.03396044760692378,0.7415335487590236,-0.3646423706835168,0.6341115281028018
2025-11-04,"DGC,NAG,CTR,CTP,VHM,VNP,ASM,VPG,TNT,ACV",10,-0.016920218394805054,-0.029025006390736813,0.020706974502660347,0.004,-0.020920218394805054,0.712066420772141,-0.37793419104762327,0.5866814305564414
2025-11-05,"NAG,DGC,CTR,VHC,VHM,ACV,EVS,KDC,DPR,VPG",10,-0.017321501776610505,-0.007192630224918677,0.02559371730616076,0.004,-0.021321501776610505,0.6824108592230611,-0.39119756829837005,0.5752690177417039
2025-11-06,"CTR,DGC,VPG,BCM,VHM,CRE,HAG,VOS,MSB,EVS",10,-0.0006987307328536474,-0.005112036965210793,0.017122036792743777,0.004,-0.0046987307328536475,0.6812353070504353,-0.3940581669944425,0.5672161842928571
2025-11-07,"DGC,CTR,STB,VHM,NAG,ACV,MSN,IDI,VPG,VIG",10,0.015021451028354537,0.017224629483890908,0.024293290904013644,0.004,0.011021451028354537,0.7064899008824341,-0.38737980875594036,0.594210902388459
2025-11-10,"CTR,VHM,DGC,NAG,MSN,VVS,CTX,GEE,EVG,STB",10,0.07231283054260748,0.0443502295459045,0.03440791219351787,0.004,0.06831283054260748,0.8298910159076167,-0.3455299894445051,0.6649145218539705
2025-11-11,"DGC,VHM,CTR,GEE,NAG,ILA,MSN,JVC,ASM,OIL",10,0.05013665302184393,0.03870620433692205,0.028120770916606162,0.004,0.04613665302184393,0.9216356268399664,-0.31533493365430365,0.7293570435403589
2025-11-12,"DGC,ILA,NAG,ACV,CTR,VPG,JVC,VVS,CTX,VHM",10,0.031217396407697072,0.012872574766959249,0.017947957242276047,0.004,0.027217396407697072,0.9816240879541831,-0.29670013313707055,0.7516183213820999
2025-11-13,"ACV,IMP,JVC,CTR,VPG,NAG,MSB,CRE,TRC,TVN",10,0.0044758497977041125,0.006479609150749663,0.011203779906620604,0.004,0.0004758497977041124,0.9904935397273786,-0.2963654680376985,0.7629681234859482
2025-11-14,"VHC,JVC,ACV,CTR,KDC,VPG,ASM,NAG",8,-0.011071011512166287,0.0019535838566664783,0.01333632494159126,0.004,-0.015071011512166287,0.9684567628341643,-0.30696995216926004,0.7664122295518079
2025-11-17,"VHC,CTR,TS3,IMP,KDC,TRC,VPG,CRE,AVG,HAP",10,-0.003259827059328935,-0.010245536446713693,0.013983727863473395,0.004,-0.007259827059328935,0.9620399342135584,-0.31200123046342965,0.748314388674014
2025-11-18,"EVS,EVG,VIG,VPG,CTR,CRE,NAG,DCL,TCI,NAF",10,-0.021283880350620787,-0.02265790581985466,0.009856927528898773,0.004,-0.025283880350620788,0.9202801110106171,-0.3293965090337666,0.7087012459119415
2025-11-19,"ACV,EVS,CTR,IDI,DCL,VIG,VPG,ASM,HT1,OIL",10,-0.01709396902738014,-0.0003388555472857915,0.01340409524661441,0.004,-0.02109396902738014,0.8874549022691076,-0.3435421983018613,0.7081222430161103
2025-11-20,"NAG,CTR,OIL,DPR,IDI,JVC,VPG,PLP,SAM,EVS",10,-9.620271741203056e-05,0.0031412865071471885,0.01426123099020673,0.004,-0.004096202717412031,0.8872733239785167,-0.3462311825330435,0.7134879443706548
2025-11-21,"CTR,JVC,NAG,CTP,VIG,DPR,SAM,OIL,VCI,MSN",10,-0.008922968144593469,0.0034535542068271333,0.01643494800023799,0.004,-0.012922968144593469,0.8704332442285152,-0.3546798161350976,0.7194055678692834
2025-11-24,"CTR,ILA,DHA,JVC,VPG,VIG,SAM,ASM,DGC,EVS",10,-0.0020884652242589507,-0.002898493070338233,0.019458872623079503,0.004,-0.006088465224258951,0.8665269094436461,-0.3586088256330715,0.7144218827457134
2025-11-25,"CTX,CTR,DGC,VVS,JVC,NAG,TRC,ASM,FCN,OIL",10,0.006343052449479514,0.014745879645219607,0.029770145498121226,0.004,0.0023430524494795135,0.8783663875286118,-0.35710601247089657,0.7397025414898124
2025-11-26,"CTR,DGC,NAG,ASM,AVG,KDC,HT1,VPG,TCI,CTG",10,-0.0012289575267909081,0.0008130229046720809,0.013081352657202717,0.004,-0.005228957526790908,0.8760579550185876,-0.3604676778259155,0.74111695950336
2025-11-27,"CTR,DGC,ANT,NAG,ASM,NVL,ANV,CSM,KDC,OIL",10,-0.008621282097050865,0.012791166830157701,0.015332602084788972,0.004,-0.012621282097050865,0.8598839301579562,-0.36853939567425664,0.7633878770031843
2025-11-28,"CTR,HBS,DGC,ANT,JVC,CTX,SAM,OIL,ASM,HAG",10,-0.0082482507148413,0.011954184647364429,0.020612489772752964,0.004,-0.0122482507148413,0.844543141201509,-0.3762736834725835,0.7844677412898045
2025-12-01,"CTR,DHA,DGC,CTX,NAG,EVS,ASM,JVC,OIL,KDC",10,-0.005170499556320707,0.010883711184852788,0.018269609269967547,0.004,-0.009170499556320707,0.8350059317083123,-0.3819935653815637,0.8038893728046892
2025-12-02,"CTR,VPG,JVC,CTX,SAM,CRE,ACB,EVG,APG,ASM",10,0.005005334959782892,-0.0029970753171458717,0.014657834635862298,0.004,0.0010053349597828921,0.8441907510497009,-0.381372261907471,0.7984829804905944
2025-12-03,"CTR,VPG,ACV,ASM,AVG,JVC,PCH,APG,SAM,TCI",10,-0.020808937216461598,-0.01729941890142603,0.014818757608588418,0.004,-0.0248089372164616,0.8058151014959285,-0.3967197586221701,0.7673702700240024
2025-12-04,"CTR,ACV,EVS,AVG,DGW,SAM,ASM,TDC,BAF,TVN",10,-0.02315771668917297,-0.03485533866172325,0.013859215772756195,0.004,-0.02715771668917297,0.7639965469824557,-0.4131034725016851,0.7057679807216544
2025-12-05,"CTR,DGC,ASM,DPR,KDC,AVG,NAG,CTP,PLP,TCI",10,-0.05525041787511951,-0.05389850525758495,0.018069695450576996,0.004,-0.059250417875119504,0.666535000631407,-0.4478773370054169,0.6138296362445081
2025-12-08,"CTR,DGC,DGW,NAG,S99,APG,DCL,AFX,SHS,ASM",10,-0.03603443088303061,-0.04858380312009111,0.021044001402109845,0.004,-0.04003443088303062,0.6064823603370033,-0.46998125359602827,0.5354236549278366
2025-12-09,"CTR,DGC,VPG,EVS,PLP,ASM,CTP,SAM,OIL,APG",10,-0.030822520352386938,-0.020021897435050482,0.020948648066901575,0.004,-0.034822520352386935,0.5569665250897653,-0.4884378421798272,0.5046815599895211
2025-12-10,"CTR,GEE,PLP,DGC,CRE,VNP,OIL,DCL,NAG,KDC",10,-0.03138585168348135,-0.02469740649693228,0.022476380327204094,0.004,-0.03538585168348135,0.5080998046571528,-0.5065399048233334,0.4675198278540218
2025-12-11,"CTR,PLP,IJC,VPG,HID,CRE,OIL,AFX,SJM,DCL",10,-0.0256322478096734,-0.01441968899935492,0.020911589075449988,0.004,-0.0296322478096734,0.4694438167424606,-0.5211622366477935,0.4463586483359798
2025-12-12,"CTR,PLP,HID,VPG,ASM,EVS,VRE,EVG,NHA,HDG",10,-0.0021957416840317602,0.019722900707056085,0.028362784343909597,0.004,-0.00619574168403176,0.4662172977016963,-0.5241289917380834,0.4748850363439021
2025-12-15,"CTR,DGC,PLP,HID,DGW,GEE,SAM,VPG,VHC,AGG",10,0.002486583708864809,0.030160195370674783,0.030680666751152552,0.004,-0.0015134162911351911,0.46986316974781706,-0.5248491826744659,0.5193678571893188
2025-12-16,"DGC,CTR,HID,MSN,DGW,IDI,SJM,VPG,CRE,SAM",10,-0.020835368522241705,0.00793977911987965,0.029581159468013228,0.004,-0.024835368522241705,0.4392380289288511,-0.5366497283263898,0.5314313023772468
2025-12-17,"CTR,MSN,VHC,DGC,ASM,JVC,IDI,DCL,VVS,EVG",10,-0.015843146776419025,0.006861021386673042,0.02302596028726147,0.004,-0.019843146776419025,0.41643596959032725,-0.545844055776103,0.5419384852950777
2025-12-18,"CTR,VHC,DCL,MSN,CRE,IDI,ASM,PLP,RYG,TCI",10,0.000150425540838095,-0.0044263918242150955,0.019322954431975202,0.004,-0.0038495744591619053,0.41664903773711526,-0.5475923628994639,0.5351132613903249
2025-12-19,"CTR,DGC,VPG,HID,VHC,NHH,CRE,EVS,OIL,IDI",10,-0.03101131436237172,-0.004540110637568497,0.0297934000879861,0.004,-0.03501131436237172,0.3727168890866983,-0.5634317489019285,0.5281436773424142
2025-12-22,"CTR,CRE,CTP,VPG,PLP,VHC,KDC,RYG,NHH,PBC",10,-0.006647981324765406,-0.005346822188202386,0.02643648127723719,0.004,-0.010647981324765406,0.36359109284385993,-0.5680803194866062,0.5199729648216387
2025-12-23,"CTR,DGC,CTP,PLP,EVS,VPG,NAG,KDC,EVG,NHH",10,-0.013938572977372743,-0.0026052682949953584,0.030534152737640284,0.004,-0.017938572977372745,0.3445845788849602,-0.5758283421958593,0.5160130274471386
2025-12-24,"CTR,GEE,VPG,HID,DGC,PLP,NAG,JVC,IDI,DCL",10,0.008540554189715577,-0.006493852765646673,0.03608661025106319,0.004,0.004540554189715577,0.3560680763435833,-0.5739023677978581,0.5061682620560948
2025-12-25,"GEE,CTR,VHM,HID,VPG,PLP,CRE,EVG,EVS,NVL",10,-0.0023404314255445645,-0.0033254079480387927,0.03879325005850902,0.004,-0.0063404314255445645,0.3528942920025311,-0.5766040106154227,0.5011596381463697
2025-12-26,"CTR,GEE,HID,DHA,TST,PLP,VPG,ASM,FCN,JVC",10,-0.037451965757661944,-0.004625820115845491,0.037438994384454236,0.004,-0.04145196575766194,0.302225741304716,-0.5941546066693235,0.494215543695137
2025-12-29,"CTR,HID,GEE,CRE,JVC,VHC,ASM,EVG,MSN,NHA",10,-0.018354312689840648,0.007493227498074351,0.02604467747067494,0.004,-0.022354312689840648,0.2783242828560497,-0.603227001495569,0.5054120406952034
2025-12-30,"CTR,HID,CTP,VVS,JVC,EVG,VIG,EVS,IDI,DGC",10,-0.048836859208762885,0.0013082212930398066,0.026544881453065085,0.004,-0.05283685920876288,0.2158949398310659,-0.6241912405553862,0.5073814527816394
2025-12-31,"CTR,CTP,DGC,VPG,DHA,PLP,VLB,JVC,EVG,ASM",10,-0.03743323921150987,-0.005450880328303248,0.02739855630027128,0.004,-0.041433239211509876,0.17038005369230524,-0.6397622147832357,0.4991648968734228
2026-01-05,"CTP,GEE,DGC,VVS,ANT,HID,EVG,PLP,VCC,VIG",10,-0.06190604616457268,0.013893474608235848,0.026128865001482926,0.004,-0.06590604616457268,0.0979264520583345,-0.6635040628859552,0.519993506301692
2026-01-06,"CTR,DGC,GEE,HID,CTP,CRE,JVC,IDI,PLP,ASM",10,0.0005133089985475903,0.021285946750505654,0.0260411776079283,0.004,-0.00348669100145241,0.09849002758591952,-0.664677320241916,0.5523480071379441
2026-01-07,"GEE,CTP,DGC,JVC,CRE,HID,BTP,AFX,ASM,VNP",10,-0.015969788673684104,0.01587214698511865,0.019388338031160135,0.004,-0.019969788673684104,0.08094737398522289,-0.6713736432941784,0.5769871028792934
2026-01-08,"GEE,CTR,DGC,HID,BCM,IDI,EVG,JVC,VIG,CRE",10,0.05866406947092508,0.024027845655838324,0.03472021958217588,0.004,0.054664069470925086,0.144360145827106,-0.6534095893012344,0.6148787055885248
2026-01-09,"GEE,DGC,CTP,IDI,SAM,CRE,PLP,JVC,EVS,ASM",10,0.03510559360593142,0.03296026586884596,0.037551403847800716,0.004,0.03110559360593142,0.18453358804533693,-0.6426286888383257,0.6681055370706603
2026-01-12,"GEE,VHM,DGC,VRE,VNP,SAM,AFX,CRE,IDI,LAI",10,0.012853413765517518,0.015370256568292474,0.02199129558972852,0.004,0.008853413765517518,0.1997588883716368,-0.6394647327526858,0.6937447471584257
2026-01-13,"VHM,GEE,DGC,BCM,CTP,HID,PLP,EVS,BTP,VNP",10,0.023533016218101666,0.010037541851373986,0.023508945997841167,0.004,0.019533016218101665,0.22799283374949808,-0.6324223915303464,0.7107457809435733
2026-01-14,"GEE,VHM,DGC,CTP,VRE,EVG,IDI,BTP,CRE,HID",10,0.006793019807053757,-0.004133335397193584,0.04478900135644195,0.004,0.002793019807053757,0.2363346133920785,-0.6313957399892611,0.7036746948515995
2026-01-15,"GEE,VHM,DGC,TRC,DHA,CTG,S99,CTP,VHC,BAF",10,0.002838661916777252,-0.0015595820403962017,0.052490696752232655,0.004,-0.0011613380832227482,0.23984414937550813,-0.6318238141540498,0.7010176743948315
2026-01-16,"GEE,VHM,TRC,DST,CTP,ASM,PSB,DGC,EVG,JVC",10,-0.02830888041153733,-0.016075376891091602,0.03886114298547745,0.004,-0.03230888041153733,0.20474554962189262,-0.6437191745129225,0.6736731741805264
2026-01-19,"GEE,VHM,HID,EVG,CTG,ASM,LDP,DRI,CRE,VPG",10,-0.0474640921690093,-0.03521900336653941,0.031969018788573764,0.004,-0.051464092169009296,0.14756339581443534,-0.66205484375384,0.6147280730245759
2026-01-20,"VHM,GEE,TRC,DST,VPG,EVG,TD6,PSB,EVS,CSM",10,-0.03958849244293048,-0.02863194362218727,0.05707797961399823,0.004,-0.04358849244293048,0.10213309099145196,-0.6767853636430008,0.5684952698725732
2026-01-21,"GEE,VHM,VPG,ASM,EVG,IDI,BTS,NAF,VIG,CRE",10,-0.03523172082938266,-0.021769306792998044,0.04454483342096642,0.004,-0.03923172082938266,0.06330304561281652,-0.689465630024529,0.5343502151393509
2026-01-22,"VHM,GEE,HPX,VIG,ASM,IDI,BTP,SBB,SAM,LDP",10,-0.026438141934843794,-0.02819459352517044,0.040443134329964645,0.004,-0.030438141934843795,0.03519128877315314,-0.6989177192534897,0.49108983449823906
2026-01-23,"VHM,GEE,BCM,LDP,VHC,VPG,DGW,BTP,STB,HPX",10,-0.005963280189468001,-0.00907722737580342,0.04436216090752769,0.004,-0.009963280189468002,0.029018153068502306,-0.7019174863766513,0.47755487303274946
2026-01-26,"VHM,GEE,BCM,LDP,IDI,DGC,HPX,BTP,HAG,TVN",10,-0.0031246676339743208,0.012233730095285776,0.03829204878015764,0.004,-0.00712466763397432,0.025802813350837006,-0.7040412252137174,0.4956308805504064
2026-01-27,"VHM,DGC,LDP,IDI,VPG,ACV,NVL,ASM,EVG,HT1",10,0.03597243993344856,0.02328436763854544,0.039047528460220395,0.004,0.03197243993344856,0.06270344343766232,-0.6945787010640858,0.5304556998247034
2026-01-28,"VPG,DGC,ASM,HID,CRE,VIG,BTP,IDI,GEE,STB",10,0.0005080805340954897,0.025698726727925107,0.017613074349470702,0.004,-0.0034919194659045103,0.06324338237078941,-0.6956452076431421,0.5697864626236939
2026-01-29,"VHM,DGC,STB,VPG,IJC,RYG,VCG,CTG,HPX,HID",10,-0.034394576838392164,0.0046383513076787165,0.01766457306588174,0.004,-0.03839457683839216,0.026673576157925316,-0.7073307811044203,0.5770676837153808
2026-01-30,"BCM,CTP,GEE,HID,DHA,NAG,STB,DGC,VVS,HPX",10,-0.040471448903621046,-0.0289912241618853,0.020430628187690057,0.004,-0.04447144890362105,-0.014877391020248099,-0.7203462053181978,0.531346560978323
2026-02-02,"GEE,DGC,JVC,HID,CRE,VIG,DCL,VRE,STB,ASM",10,-0.028864854365538685,-0.025953876142800075,0.022161890508569516,0.004,-0.03286485436553868,-0.043312811660648154,-0.7295369865531856,0.4916021820029888
2026-02-03,"VVS,DGC,GEE,MML,STB,ASM,HPX,HID,MSN,SAM",10,-0.046464796828062926,-0.03735418143242663,0.01873399001910896,0.004,-0.05046479682806293,-0.0877650874948469,-0.7431858475762847,0.43588460347144564
2026-02-04,"VVS,MSN,GEE,HAP,NAF,DGC,HPX,VIG,HID,NAG",10,0.0052386888277164865,-0.025568463215365374,0.019691930925365676,0.004,0.0012386888277164864,-0.08298617265045327,-0.7428677347548779,0.3991712408060766
2026-02-05,"GEE,HID,DGC,VHC,BCM,HPX,CRE,EVS,ASM,SAM",10,-0.024055510862200213,-0.015510878671907487,0.026429244735551482,0.004,-0.028055510862200213,-0.10504540873504808,-0.7500817118154846,0.3774688654487113
2026-02-06,"GEE,VHM,TRC,HPX,EVS,VIG,ASM,CRE,IDI,DRI",10,0.038949798236332114,0.0153058281900842,0.03719857776043274,0.004,0.03494979823633211,-0.07018710797459915,-0.7413471180678662,0.3985521672404595
2026-02-09,"VHM,GEE,BCM,EVS,ONE,HID,ASM,HPX,DGC,IDI",10,0.050003533963620464,0.033713547604187606,0.033294569449062374,0.004,0.04600353396362046,-0.02369317744839483,-0.729448171429113,0.4457023223076606
2026-02-10,"GEE,DGC,EVS,TVN,BCM,DGW,IDI,NAG,ASM,NHH",10,0.07549988435496477,0.046300818833048464,0.01887952135911821,0.004,0.07149988435496477,0.0500178747492146,-0.7101037469742704,0.5126395236193451
2026-02-11,"GEE,HTC,HPX,DGC,SAM,VIG,VOS,BCM,ASM,PVT",10,0.044552418474940826,0.029093764267406598,0.020743005245695723,0.004,0.04055241847494083,0.09679871051120958,-0.6983477528072536,0.5566479013410883
2026-02-12,"GEE,DGC,EVS,BCM,HPX,ASM,JVC,IDI,TVN,IJC",10,0.06248466191053992,0.03308122140428187,0.021753136294072495,0.004,0.058484661910539915,0.1653318071214187,-0.6807057231156313,0.6081437152138638
2026-02-13,"VVS,DGC,HPX,NAF,HID,EVG,SAM,ASM,BCM,TVN",10,0.031405254332843226,0.022515156221060765,0.013348237632215775,0.004,0.027405254332843226,0.2019293489062186,-0.6719553822505939,0.644351322187821
2026-02-23,"VVS,HPX,SAM,HID,STB,EVG,PLP,NAF,MSB,AGG",10,-0.02495338618086087,-0.004908816232913829,0.02544290017377222,0.004,-0.02895338618086087,0.17193714170085106,-0.6814533847528452,0.6362795037248521
2026-02-24,"HID,ACV,HPX,RYG,CTG,SAM,NLG,ASM,IJC,EVG",10,-0.050233301140057675,-0.015809505536054744,0.0121397952731505,0.004,-0.05423330114005767,0.11306687034457386,-0.6987292192646903,0.6104107338521811
2026-02-25,"BCM,HPX,SAM,RYG,ELC,EVG,VHC,ACV,CLX,NLG",10,-0.043756238313468046,-0.02336348525600987,0.0107943717262178,0.004,-0.04775623831346805,0.06436325110695051,-0.7131167784663703,0.5727859264157058
2026-02-26,"VVS,EVG,NAF,ELC,SAM,HAG,CTG,S99,NVL,BMS",10,-0.03437249903396274,-0.03555355677824563,0.011362736417273478,0.004,-0.03837249903396274,0.027778426286491298,-0.7241252046075297,0.5168677926808594
2026-02-27,"VVS,BCM,HPX,DCL,ASM,JVC,KDC,EVG,DGW,CRE",10,-0.05016042062104842,-0.04321749136063808,0.01830736720585231,0.004,-0.05416042062104842,-0.023775371881278318,-0.7390666995647315,0.45131257195544405
2026-03-02,"VVS,HPX,VPG,NAF,NVL,EVS,SAM,ASM,EVG,JVC",10,-0.0703696392244445,-0.08994137885787025,0.021289528743227426,0.004,-0.0743696392244445,-0.09247194676401027,-0.758472214979746,0.3207795180800095
2026-03-03,"VHM,CTR,BCM,DGC,EVS,EVG,LDP,NVL,CRE,ASM",10,-0.04687591909709704,-0.06645941450857257,0.027078926680912406,0.004,-0.050875919097097044,-0.1350131583658466,-0.7707601630301375,0.23300128461349745
2026-03-04,"GEE,CTR,VHM,CRE,JVC,PLP,VIG,BCM,EVG,DST",10,-0.05255479864831919,-0.04369544488314773,0.029115175488580024,0.004,-0.05655479864831919,-0.1804723676613751,-0.7837247758521416,0.17912474494081798
2026-03-05,"GEE,CTR,BCM,JVC,PSB,VHM,EVG,HPX,IJC,IDI",10,-0.05597955941262457,-0.03901674425510245,0.02657710592831719,0.004,-0.059979559412624575,-0.22634916344616263,-0.7966968685083968,0.1331191363225992
2026-03-06,"CTR,BCM,PSB,DST,VIG,HPX,VHM,SAM,EVG,VOS",10,-0.04824463265938036,-0.0241509973204363,0.027419041818700342,0.004,-0.052244632659380355,-0.2636736638623248,-0.8073183659316774,0.10575317909753701
2026-03-09,"VVS,VHM,GEE,SJM,DST,POS,PSB,TVN,BCM,EVG",10,0.052102343501256185,0.037432708441168736,0.0635804846492489,0.004,0.04810234350125618,-0.2253093361678582,-0.7980499277833395,0.14714451545859064
2026-03-10,"VVS,VHM,TNT,SAM,VOS,EVG,VDS,TD6,ASM,NAF",10,0.05467716698899725,0.024056883023366584,0.05230606360869063,0.004,0.050677166988997255,-0.18295144537669117,-0.7878156702501757,0.17474123687787446
2026-03-11,"VVS,TNT,GEE,APG,CTR,LDP,ILC,VHM,NAF,S99",10,0.047807013198514624,-0.003271086776784801,0.04531435294086779,0.004,0.04380701319851463,-0.14389079434198737,-0.7785205085163073,0.17089855635177953
2026-03-12,"GEE,CTR,VHM,EVS,SHS,DCL,VHC,GSP,ASM,TDT",10,0.011873504408614743,-0.00600067235686875,0.01672504618730757,0.004,0.007873504408614743,-0.13372577791435136,-0.7767766887636927,0.16387237775198193
2026-03-13,"GEE,APG,PVO,OIL,RYG,TD6,EVG,VHM,DGW,KDC",10,-0.03986325312745824,-0.02029841098183384,0.02096825766846293,0.004,-0.04386325312745824,-0.16825828650714347,-0.7865679893684002,0.14024761789796814
2026-03-16,"APG,OIL,GEE,PVO,CTR,EVG,DGW,GSP,IMP,DCL",10,-0.058661062014182176,-0.05495115523710248,0.017613077769035625,0.004,-0.06266106201418217,-0.21704913874213005,-0.7999418658223985,0.07758969403812066
2026-03-17,"CTR,APG,OIL,ASM,GSP,STB,TD6,PVT,TVN,MSN",10,-0.05503311787277485,-0.037937502036691925,0.023437922948111246,0.004,-0.05903311787277485,-0.260137365778325,-0.8117519212387122,0.036708632825831256
2026-03-18,"CTR,STB,DGC,APG,SAM,IDI,MSN,EVG,AVG,SHS",10,-0.04405702689562273,-0.015715332103198785,0.021667694137996008,0.004,-0.04805702689562273,-0.2927335137532957,-0.8207985642227927,0.020416412366720094
2026-03-19,"CTR,DGC,APG,IDI,ASM,VHC,S99,GSP,VOS,PSB",10,-0.030806217976625895,-0.011163384076761202,0.024251170946878408,0.004,-0.03480621797662589,-0.3145217192961739,-0.8270358884581785,0.009025112037239547
2026-03-20,"VVS,APG,DGC,EVG,EVS,IDI,OIL,S99,NAB,GEE",10,0.015731569691510783,0.014748231803643513,0.02467235253544604,0.004,0.011731569691510783,-0.3037380699512646,-0.8250067479294954,0.023906448285262227
2026-03-23,"VVS,APG,ASM,DGW,IDI,VDS,TVN,VTD,ACV,OIL",10,0.04602931868299439,0.04812664573693468,0.03295390581625908,0.004,0.04202931868299439,-0.27168960768621464,-0.8176519007708506,0.0731836311896501
2026-03-24,"VVS,APG,TNT,IDI,EVS,TD6,HT1,BCM,KDC,ASM",10,0.006176764286591618,0.030305150686166092,0.02337497792678096,0.004,0.002176764286591618,-0.26719100606541735,-0.8172549719407207,0.10570662284677934
2026-03-25,"VVS,CTR,ASM,APG,ACV,BTP,IDI,MSB,DGW",9,0.01079373049140648,0.013096141623132145,0.020922380360769457,0.004,0.006793730491406479,-0.25928126328320866,-0.8160134514714414,0.12018711337321597
2026-03-26,"CTR,APG,VTD,ASM,EVG,IDI,DGC,VLC,IJC,VDS",10,0.010246946950458214,0.008712416929162914,0.016047136992117482,0.004,0.006246946950458214,-0.2516911576828612,-0.8148640972631856,0.12994665054359889
2026-03-27,"CTR,VVS,PLP,HID,APG,NAG,VHC,IDI,ASM,DGC",10,-0.014691909984409201,-0.011618469246201552,0.02391536778300658,0.004,-0.0186919099844092,-0.262685243834722,-0.8183246408920245,0.1168184001344097
2026-03-30,"CTR,VTD,APG,IMP,ASM,HDG,TMT,DGW,VCK,VOS",10,-0.01948073867667769,-0.018174398296387374,0.017227472717050628,0.004,-0.02348073867667769,-0.2770486799220361,-0.8225905125232305,0.09652089770563288
2026-03-31,"CTR,DGW,EVS,IDI,APG,VHC,ASM,PCH,MSN,DRI",10,-0.025387425011230813,-0.01741447221764916,0.01540245622256331,0.004,-0.029387425011230813,-0.29540255234728574,-0.8278041205327349,0.07742556499646636
2026-04-01,"CTR,TD6,VHC,VVS,HID,RYG,DGW,DPR,EVG,TVN",10,-0.01969969165068276,0.0077482217850171585,0.018024338138924546,0.004,-0.02369969165068276,-0.3092829048039023,-0.8318851097796273,0.08577369723090644
2026-04-02,"VVS,GEE,CTR,HID,TD6,ASM,EVG,IDI,RYG,DPR",10,-0.006391963165650128,0.009587936557684335,0.03590391255444074,0.004,-0.010391963165650128,-0.31369794303428067,-0.8336321535263946,0.09618402655595881
2026-04-03,"VVS,GEE,CTR,TD6,APG,DGW,TNT,ACV,EVG,IDI",10,0.01040877659400129,0.024681584849114837,0.039586669047676895,0.004,0.006408776594001291,-0.3065543782473209,-0.8325659391659203,0.12323958561764403
2026-04-06,"CTR,GEE,APG,IDI,TD6,TV1,ASM,MIG,MSN,EVG",10,0.014717439856725545,0.03779497583767416,0.024921402661270874,0.004,0.010717439856725545,-0.2963486340152661,-0.8307714746889636,0.16569239861598195
2026-04-07,"CTR,HID,MSN,DGW,ACV,ASM,APG,SAM,EVG,IDI",10,0.041295889039583776,0.037485354725113586,0.02155373743296951,0.004,0.03729588903958378,-0.267290725283009,-0.8244599463866309,0.20938879167847047
2026-04-08,"CTR,CTP,VHC,EVS,DGC,BCM,APG,NAG,GEE,ASM",10,-0.006042321573584908,0.0011290281039228578,0.015171752405182514,0.004,-0.010042321573584909,-0.27171799034079724,-0.8262227760540606,0.21075422561284474
2026-04-09,"GEE,CTR,APG,IDI,BCM,DGW,HID,SAM,CTX,ELC",10,-0.015360794339812333,-0.004709680023410014,0.02780915632534071,0.004,-0.01936079433981233,-0.2829049805125574,-0.8295872411478215,0.20505196062321662
2026-04-10,"GEE,CTR,DCL,STB,APG,IDI,TVN,DGW,EVS,CRE",10,-0.021757739766265206,-0.0023630385198508924,0.034102627349053026,0.004,-0.025757739766265206,-0.29850734733425,-0.8339766886431872,0.2022043764218422
2026-04-13,"CTR,VVS,GEE,SAM,IDI,STB,EVS,TVN,DCL,BCM",10,0.0052565473963117285,0.001013745390483439,0.022883227461097076,0.004,0.0012565473963117284,-0.29481991795734797,-0.8337680724835748,0.20342310556685894
2026-04-14,"GEE,VVS,CTR,DGW,EVS,ASM,IDI,EVG,APG,DPR",10,-0.003819550523712767,-0.006637086161609478,0.040454726476826866,0.004,-0.007819550523712767,-0.2975133889090258,-0.8350679314394436,0.19543588272634005
2026-04-15,"VVS,CTR,DCL,DGC,BCM,EVS,IDI,APG,EVG,ASM",10,-0.014633610936254315,-0.005477787472504121,0.03690804409851474,0.004,-0.018633610936254315,-0.30779330466365895,-0.8381412114359126,0.18888753902375965
2026-04-16,"VVS,CTR,CTP,IDI,APG,DGW,BCM,EVG,ASM,CRE",10,-0.028013538351550515,-0.008678124285713002,0.030413345351614218,0.004,-0.03201353835155052,-0.32718446347066354,-0.8433228839711445,0.17857022519837606
2026-04-17,"VVS,CTR,CTP,DGC,ASM,APG,ACV,DCL,DGW,EVG",10,-0.014582453828277863,-0.010675036000445665,0.03564835719533219,0.004,-0.018582453828277862,-0.3369957649670505,-0.8462343292456984,0.16598894561533006
2026-04-20,"CTR,DCL,ACV,ASM,DGW,EVG,RYG,VTD,IDI,CRE",10,-0.015586571928713589,-0.019128802721769866,0.016649734824514994,0.004,-0.01958657192871359,-0.3473297281654333,-0.8492460716160944,0.14368497309889006
2026-04-21,"CTR,CTP,ACV,DGW,APG,EVG,ASM,STB,BCM,SHS",10,-0.017925889192747957,-0.009603975370936572,0.021101947803072774,0.004,-0.021925889192747957,-0.35902942313774044,-0.8525514855452114,0.13270105078513805
2026-04-22,"VVS,CTR,EVG,TVN,BCM,APG,ASM,ACV,DCL,CRE",10,-0.0052383518576412215,-0.011337549752761637,0.02884138592600751,0.004,-0.00923835185764122,-0.36238705254974024,-0.8539136668026313,0.11985899626685614
2026-04-23,"VVS,VHM,CTR,DHA,TD6,APG,TVN,EVG,ASM,DPR",10,0.014168841368482055,-0.008871706071646989,0.04625769930315789,0.004,0.010168841368482055,-0.3533528158428273,-0.852428138054244,0.10992393641028686
2026-04-24,"VVS,VHM,CTR,IDI,PC1,TD6,TVN,VHC,VTD,FCN",10,-0.020974536893679185,0.00021471804474048234,0.04047168779584835,0.004,-0.024974536893679185,-0.36691594106412573,-0.8561136769648773,0.11016225710772365
2026-04-28,"VVS,VHM,VTD,CTR,PC1,DGW,ASM,IDI,EVG,TCI",10,0.005819299521902088,0.009152851096950916,0.05222667653637305,0.004,0.0018192995219020883,-0.36323183530263625,-0.8558519046461712,0.12032340694048571
2026-04-29,"VVS,VHM,CTR,VTD,PC1,EVG,STB,IDI,DGW,ASM",10,0.007454247942817927,0.001211052996659371,0.06174089857743563,0.004,0.0034542479428179267,-0.35848520752088897,-0.855353981384334,0.12168017795968855
2026-05-04,"CTR,VHM,NAB,VTD,EVG,PC1,NVL,ANV,CRE,DPR",10,-0.02519650256554662,-0.0089778365416282,0.018047992118543642,0.004,-0.02919650256554662,-0.374649136635425,-0.8595771392379425,0.11160991666998199
2026-05-05,"CTR,NAB,PC1,NVL,CRE,EVG,TCI,VTD,ACB,HCD",10,-0.009714287290719225,-0.003177010687974482,0.015567639880569195,0.004,-0.013714287290719225,-0.3807239745796478,-0.8615029386926181,0.10807832008386309
2026-05-06,"CTR,NVL,IDI,VTD,NAG,EVG,NAB,SAM,TDT,HAG",10,-0.019728580975804898,-0.013068157789828533,0.014145889411709711,0.004,-0.023728580975804898,-0.3929414117935278,-0.8647892774267613,0.09359777775351907
2026-05-07,"CTR,NVL,IDI,CRE,DGW,PC1,CSM,ASM,DCL,EVG",10,-0.011225498792928546,-0.005388966118781935,0.016649317438020207,0.004,-0.015225498792928546,-0.3997559472426765,-0.866847928120091,0.08770441638163007
2026-05-08,"CTR,VHM,EVG,IDI,ASM,TV1,NHA,TPB,S99,TCI",10,-0.010373848229626791,-0.006450160656115733,0.021511520746902636,0.004,-0.014373848229626791,-0.40598278794671705,-0.8687618357927532,0.08068854814960202
2026-05-11,"CTR,CTP,EVG,VTD,DGC,DGW,TMT,IDI,SAM,CRE",10,0.02593598329983523,0.0053678926227902456,0.020942640076859642,0.004,0.02193598329983523,-0.3905763674550885,-0.865882997614402,0.08648956823474818
2026-05-12,"CTR,IDI,EVG,ASM,ELC,VTD,NVL,VDS,CSM,BMS",10,0.00010179604781127561,-0.005824795577857636,0.017156964130481935,0.004,-0.0038982039521887244,-0.39051433053785256,-0.8664058130431573,0.08016098860230603
2026-05-13,"CTR,ASM,SCL,EVG,IDI,HAG,CTI,VTD,CSM,IJC",10,-0.021452026794556312,-0.014244223192794595,0.014838086198667,0.004,-0.025452026794556312,-0.4035890334500526,-0.8698060558691798,0.06477493439650517
2026-05-14,"CTR,ASM,IDI,EVG,KDC,CSM,DCL,HAG,AFX,DPR",10,-0.012091337557643378,-0.019748046499216174,0.015380291997155137,0.004,-0.01609133755764338,-0.4108004397696884,-0.8719010505721498,0.04374770948084317
2026-05-15,"VVS,CTR,ASM,IDI,GEE,EVG,KDC,BMS,VCG,VTD",10,-0.021587666549834406,-0.018476661633595216,0.07083464754096006,0.004,-0.025587666549834406,-0.42351988340724944,-0.8751788037754937,0.02446273622192563
2026-05-18,"VVS,CTR,GEE,ASM,VHC,IDI,VTD,EVG,ELC,TD6",10,-0.012423243597566658,-0.013272597736996574,0.061477186268355924,0.004,-0.01642324359756666,-0.4306816363248348,-0.8772287726872284,0.01086545442750908
2026-05-19,"VVS,ACV,DPR,RYG,NAG,EVG,GEE,ASM,VHC,IDI",10,-0.006944662209523089,-0.005928873605825179,0.062272692969615705,0.004,-0.010944662209523089,-0.4346353600502372,-0.8785724622992153,0.004872160915713408
2026-05-20,"VVS,GEE,EVG,ASM,KDC,IDI,NAF,DGW,SAM,CSM",10,0.006229368095308963,-0.007949922718260645,0.07765981585990327,0.004,0.0022293680953089628,-0.4311134955999183,-0.8783017556207733,-0.0031164951052981005
2026-05-21,"VVS,GEE,BCM,ASM,LDP,EVG,NVL,NHT,IJC,DCL",10,-0.0186507077119909,-0.014187871603459334,0.06397404389243584,0.004,-0.0226507077119909,-0.44172363151478045,-0.8810583069832696,-0.01726015027635064
2026-05-25,"HCD,OIL,ASM,IDI,CTR,KDC,DCL,EVG,PVT,CTI",10,0.004298638676217081,-0.02037642070830738,0.014327083093201543,0.004,0.00029863867621708097,-0.4393238031251918,-0.88102278639352,-0.03728487090113852
2026-05-26,"VVS,CTR,HCD,TNT,DCL,IDI,EVG,VTD,KDC,VCK",10,0.010448566807677296,-0.017111025112049875,0.04944224498941794,0.004,0.006448566807677296,-0.433465540424671,-0.8802555538829873,-0.053757913650899436
2026-05-27,"VVS,CTR,STB,SSB,ASM,TDC,IDI,VTD,EVG,BCM",10,0.0024323697460733153,-0.015551725934519619,0.056421824039993275,0.004,-0.0015676302539266848,-0.432087519145092,-0.88044326889946,-0.06847361124550866
2026-05-28,"CTR,STB,SSB,ASM,IDI,EVG,PC1,BMS,MSN,HDB",10,0.0005692534338409217,-0.015984943581233837,0.014174987702347552,0.004,-0.0034307465661590785,-0.43176423301524425,-0.8808534377441444,-0.08336400801417965
2026-06-01,"CTR,STB,BCM,DGW,MSN,SSB,ASM,EVG,IDI,VOS",10,-0.014965068965832351,-0.02378216021811861,0.019522066901201663,0.004,-0.018965068965832353,-0.4402679204570238,-0.8831130605143686,-0.10516359203728054
2026-06-02,"VVS,CTR,ASM,UNI,TVN,HDB,NVL,ACV,POW,DGC",10,-0.013089102259677554,-0.013189468423871229,0.05359874147944084,0.004,-0.017089102259677552,-0.4475943108841838,-0.8851105533760593,-0.11696600858463524
2026-06-03,"VVS,CTR,CTP,NVL,IDI,ASM,EVG,POW,DGC,FCN",10,-0.03680441599856793,-0.02081021419146928,0.05076289996723937,0.004,-0.04080441599856793,-0.46792527966637787,-0.8897985501499478,-0.135342135084337
2026-06-04,,0,0.0,-0.011428571428571455,0.0,0.0,0.0,-0.46792527966637787,-0.8897985501499478,-0.1452239392548017
