symbol,row_count
VPH,2695
MBB,2691
DBC,2689
SHS,2685
DCL,2684
JVC,2681
TTF,2681
VCG,2681
TDC,2680
CTI,2679
PVT,2679
DGW,2677
MSN,2675
HHG,2673
PHC,2673
VIG,2673
ACB,2672
IDI,2671
L14,2671
HAG,2670
HAP,2670
SAM,2670
TNT,2669
DLG,2668
DPR,2668
CSM,2667
IMP,2666
PTL,2666
STB,2666
CSV,2659
KMR,2659
VNG,2654
D2D,2652
S99,2650
NLG,2644
GSP,2642
APG,2641
BVS,2639
DHA,2639
VHC,2639
ELC,2638
UDC,2637
DST,2636
NAF,2636
SHN,2634
VOS,2633
DHM,2632
HT1,2631
SBA,2631
ANV,2629
FCN,2625
TMT,2625
ASM,2622
CTG,2621
NHA,2614
VEF,2613
KDC,2612
MCG,2611
CSC,2607
DGC,2601
BTP,2598
ITD,2591
KSQ,2585
FCM,2571
SWC,2570
VE9,2569
TRC,2568
THG,2565
SAS,2563
IJC,2562
VSH,2562
HDG,2559
ACC,2555
SRF,2552
DRH,2543
VDS,2537
THT,2536
IDV,2535
SFI,2531
PGD,2528
SAV,2505
VNP,2497
HCD,2493
HID,2486
UIC,2486
ACL,2481
NSC,2471
NAG,2465
VNR,2459
LBM,2458
CTP,2446
VCA,2441
GHC,2431
LHC,2419
PSB,2418
NDX,2416
ICG,2414
PVO,2414
PV2,2413
VLC,2413
TVN,2407
PC1,2404
ACV,2387
ONE,2386
MAC,2375
DXV,2368
NVL,2360
UNI,2355
PXI,2348
DBD,2339
VJC,2336
GMC,2309
MCO,2302
BHN,2294
SD6,2288
DVN,2270
VRG,2269
CDN,2268
VFG,2267
MIG,2262
EVG,2261
DRI,2259
PXS,2241
STG,2241
VCI,2238
DAG,2236
BTS,2229
PTI,2229
SCL,2229
SD2,2228
CVT,2221
TXM,2213
HAC,2211
VCC,2201
PLP,2196
VMD,2193
TCW,2192
RIC,2184
SBV,2183
VNL,2178
HU3,2176
TBC,2175
HBS,2172
SVC,2169
LDP,2164
ABT,2160
BLI,2160
MPC,2154
CTR,2149
VRE,2135
DTL,2130
VSI,2118
SD3,2114
HDB,2113
VPG,2097
CIA,2088
HAS,2087
EIN,2077
SMT,2073
TTN,2072
ILA,2071
PGT,2068
BAB,2067
OIL,2067
POW,2064
PIC,2061
AFX,2059
VCP,2058
BCM,2057
TDS,2049
PTS,2047
POS,2042
TPB,2041
NHH,2037
TFC,2036
VKC,2035
FRT,2030
PVL,2019
VHM,2015
SMA,2011
CLX,1999
SC5,1998
TDT,1981
VLB,1981
QNC,1973
APF,1963
CCI,1962
DIH,1957
CRE,1950
XPH,1932
EVS,1914
DSC,1908
VHL,1897
MCF,1896
VTA,1871
PPH,1865
SSN,1855
CDO,1854
PGV,1849
HPX,1846
ALV,1837
FDC,1837
TNC,1837
VIF,1828
NHT,1812
PCT,1811
VNH,1804
DAT,1796
SID,1788
APP,1772
TTC,1763
ACM,1760
SD4,1753
AGP,1752
HMS,1750
SJM,1746
TTZ,1729
FTM,1713
PVV,1705
SAC,1702
VBB,1681
EBS,1680
MH3,1676
ND2,1669
TV1,1666
PPP,1665
VTD,1654
HKT,1642
XMC,1632
BMS,1621
PNC,1619
AGG,1610
TL4,1610
TMB,1604
GSM,1595
MML,1595
ANT,1586
GND,1578
MPT,1575
VMG,1571
C21,1569
TLP,1563
VC6,1559
STC,1550
DC1,1522
TCI,1521
HPD,1507
CDP,1502
NDT,1492
POV,1473
VET,1472
PBC,1457
VGV,1451
TDW,1435
TNB,1428
BTN,1427
NAS,1427
DHD,1418
CTB,1410
NAB,1408
TPP,1398
VIN,1398
TOP,1386
TJC,1381
MIC,1371
PGB,1365
MCM,1362
MSB,1360
CTX,1347
ABR,1344
QTC,1330
TGG,1330
DTI,1318
AVC,1308
SSB,1305
TAR,1304
ADC,1302
HEJ,1301
SCG,1282
CST,1273
VTH,1270
BHP,1263
VCM,1262
CCR,1260
AG1,1256
VE8,1251
CKD,1249
TNS,1243
LMH,1234
HTC,1232
ATS,1201
QHD,1201
BBS,1200
HC3,1193
PRE,1191
SGS,1185
BCA,1181
SFN,1180
CQN,1166
VSF,1160
HOT,1157
KTT,1154
BLT,1142
BMJ,1142
VNI,1142
BAF,1130
PXA,1120
L61,1117
NUE,1108
ILC,1107
SSH,1082
G20,1069
HMR,1066
A@,1057
TST,1053
SGD,1051
DPC,1043
VFC,1039
BCP,1028
GEE,1027
HAV,1027
BVL,1024
ZZZZZZ,1020
CID,1019
MTP,1019
HTT,1018
LSG,1013
???,1010
MEL,1003
GMH,988
CX8,987
KGM,984
BHA,981
PJC,980
SGH,979
L62,978
PCH,969
LAI,963
PCC,958
123,955
QPH,953
DVG,946
CQT,937
THP,924
PRO,921
TS3,921
X20,920
NTH,919
AGX,913
SGI,896
SVG,875
NDC,871
VTX,869
VES,865
HBH,856
KST,847
NNT,845
VQC,843
DSG,839
CLM,836
CMN,830
PEG,830
TRS,826
SDU,824
BAL,822
TNW,820
HPM,780
VPA,774
PAP,769
CMM,765
LTC,760
NFC,753
DHB,752
HEV,749
VIE,741
DNC,727
STT,727
NDP,724
GPC,721
YTC,720
PVR,716
LG9,704
BTU,699
PND,690
E12,685
GDA,684
CYC,681
ARM,664
HIO,650
PCM,648
SZG,648
DNH,641
MA1,639
UPH,633
L63,625
PXM,624
S12,624
MCC,613
VNY,613
VST,599
VXB,599
DAS,598
CTW,595
SBB,587
PVH,586
DWS,580
THW,572
HPH,571
HSP,556
TDF,550
VVS,545
CT3,543
S72,543
BDW,539
HAM,539
HEP,537
BT1,535
GTT,535
PNP,486
IHK,465
TT6,463
STL,462
AVG,450
NJC,446
TH1,444
NSG,441
X26,433
TBR,420
PVY,417
BWA,400
VNX,400
PTM,396
PIS,391
CCT,382
SPD,381
GMA,376
BBH,361
RYG,360
BLN,344
RAT,328
TAN,328
TNV,304
BHC,303
DWC,302
TSG,297
JOS,273
MBT,266
PTO,266
QST,266
IME,263
LM3,257
BMV,252
TRV,241
TD6,240
TET,234
ONW,223
TNP,207
UEM,182
BMG,175
C22,175
QNW,175
VKP,174
HLS,158
NTF,156
DLT,135
CRV,128
CCV,118
VPX,117
VCK,116
VLS,115
SSF,109
TVH,105
VMA,105
BNW,85
SAL,81
HLT,63
TVG,51
MLC,48
VXP,46
HLO,45
TQN,42
TCJ,41
DUS,39
EMG,37
HGT,33
FGL,29
DNN,27
KHX,26
VBT,25
CLI,24
HPO,19
GH3,17
MQB,15
SVH,14
BHG,10
HHN,6
CK8,5
THN,5
VBG,4
MDA,3
VPW,3
