trading_date,selected_symbols,selected_count,daily_return,benchmark_return,avg_buy_probability,daily_cost_rate,daily_return_net,cumulative_return,cumulative_return_net,benchmark_cumulative_return
2025-08-07,"TPB,VDS,ANV,FCN,HT1",5,0.02032392888625716,0.03201019373692506,0.4271940290927887,0.004,0.01632392888625716,0.020323928886257114,0.01632392888625711,0.03201019373692504
2025-08-08,"HT1,HAG,NAF,TDC,BMS",5,-0.007519069725580451,0.005504136352929742,0.415271520614624,0.004,-0.011519069725580451,0.012652042122283103,0.004616822685640454,0.03769051856086647
2025-08-11,"GEE,BMS,TPB,VDS,VOS",5,0.018483186299218458,0.012059482819049233,0.39158207178115845,0.004,0.014483186299218458,0.03136907847311332,0.01916687528792549,0.050204529540941456
2025-08-12,"NAG,VOS,HT1,HAG,BMS",5,0.03110264810029022,0.01594562511031275,0.39350634813308716,0.004,0.02710264810029022,0.06344738798238314,0.04678899646432666,0.06695069725815372
2025-08-13,"EVG,HDG,NLG,TPB,FCN",5,-0.0056262335554611905,-0.0029544550431565924,0.41284671425819397,0.004,-0.00962623355546119,0.05746418460364899,0.03671236110107423,0.06379843938983987
2025-08-14,"MBB,EVG,HDG,CRE,HDB",5,-0.012635809938363485,-0.012188848053356415,0.4211118817329407,0.004,-0.016635809938363486,0.04410226815037088,0.019465811301044855,0.05083196185271954
2025-08-15,"TPB,MML,DSC,MSB,HT1",5,0.035611668744942634,-0.017496026291153592,0.3822210431098938,0.004,0.03161166874494263,0.081284492259585,0.05169282682468768,0.03244657822055985
2025-08-18,"TCI,HDG,PC1,HT1,EVG",5,-0.08307790779335573,-0.04648358917494748,0.4030051827430725,0.004,-0.08707790779335574,-0.008546361086742338,-0.039886384176486156,-0.015545244366524935
2025-08-19,"VDS,DSC,CTX,SAM,EVG",5,-0.047095119231311246,-0.031022252561171533,0.45252782106399536,0.004,-0.05109511923131124,-0.05523898842367958,-0.08894350385259397,-0.04608524843083295
2025-08-20,"L14,FCN,HDG,SAM,MBB",5,-0.05379409432334799,-0.020628051268635067,0.383559912443161,0.004,-0.05779409432334799,-0.10606155139343787,-0.14159718892483608,-0.06576265083210908
2025-08-21,"TPB,MSB,SSB,TCI,MBB",5,-0.009870853435758619,-0.00946811577567248,0.41194701194763184,0.004,-0.013870853435758619,-0.1148854868002227,-0.15350396850610293,-0.07460811821598812
2025-08-22,"NVL,MBB,VDS,VOS,LDP",5,0.04220050191338043,0.019213919679570958,0.39675459265708923,0.004,0.038200501913380425,-0.07753321009237468,-0.12116739523535136,-0.056827712927263185
2025-08-25,"VOS,HAG,NAG,LDP,ACB",5,0.014935836770018706,0.05042827803964182,0.41115865111351013,0.004,0.010935836770018706,-0.06375539669255126,-0.11155662532147481,-0.009265158595474277
2025-08-26,"MSB,TCI,CRE,NAF,VOS",5,0.04865005652721242,0.024322250659360417,0.38061684370040894,0.004,0.04465005652721242,-0.01820704381834637,-0.07188757842085136,0.014831742554128224
2025-08-27,"CSM,TPB,MSB,DSC,TCI",5,0.04436394697599468,0.012306554266785055,0.38959401845932007,0.004,0.040363946975994686,0.025349166831101666,-0.034425297848468595,0.02732082446552675
2025-08-28,"TCI,DSC,VDS,MSB,VOS",5,-0.021224957814754596,-0.027009301237610934,0.40730994939804077,0.004,-0.025224957814754596,0.003586174019717614,-0.0587818789772353,-0.0004263931501334861
2025-08-29,"TCI,SHS,VOS,TDC,RYG",5,-0.032935775150905955,-0.027214209367199472,0.4155581593513489,0.004,-0.03693577515090596,-0.029467714552353752,-0.09354649986329033,-0.027628998564872442
2025-09-03,"L14,MSB,TCI,CRE,VOS",5,-0.06862928130164225,-0.035980666085130605,0.3881523013114929,0.004,-0.07262928130164226,-0.09607464778266606,-0.1593815661115776,-0.06261555487837378
2025-09-04,"TCI,EVG,CRE,TDC,FCN",5,-0.051621098070929516,-0.03178322019357175,0.38358622789382935,0.004,-0.05562109807092952,-0.14273626703827658,-0.2061376864631167,-0.09240865110370344
2025-09-05,"TCI,VOS,TDC,CRE,MSB",5,-0.025182864202836375,-0.0062111233489798275,0.39217644929885864,0.004,-0.029182864202836376,-0.16432462321146823,-0.22930486255481308,-0.0980458129221653
2025-09-08,"GEE,NHA,SHS,VOS,NAG",5,0.0462728215751802,0.03740067424375682,0.3926743268966675,0.004,0.0422728215751802,-0.125655565606561,-0.19672540452073373,-0.0643121181884746
2025-09-09,"CTP,FCN,SSB,TDC,TCI",5,0.018515982831445954,0.021797328448960703,0.39359983801841736,0.004,0.014515982831445954,-0.10946621907056187,-0.18506508428381996,-0.04391662210291636
2025-09-10,"NHA,VOS,TCI,TDC,RYG",5,-0.018380306792912738,0.013221323792520012,0.38735485076904297,0.004,-0.022380306792912738,-0.12583450317349743,-0.20330357771380447,-0.03127593419109265
2025-09-11,"TDC,VOS",2,0.03419433554221729,0.004804719477528292,0.3598669171333313,0.004,0.03019433554221729,-0.09594299485558277,-0.17924785861401094,-0.026621486803750205
2025-09-12,"TDC,CSM,IJC,NHA,EVG",5,0.006147393809266499,-0.011193820233038634,0.40873581171035767,0.004,0.0021473938092664993,-0.09038540041893406,-0.17748538054665652,-0.03751731089917143
2025-09-15,"GEE,TDC,EVG,VHC,NHA",5,-0.036595034416799545,-0.03895565797228705,0.4056236147880554,0.004,-0.04059503441679954,-0.12367277799662657,-0.21087538983168586,-0.07501145734003045
2025-09-16,"NHA,NAG,PC1,HAG,TDC",5,-0.027096761646984914,-0.03133145553779902,0.38299068808555603,0.004,-0.031096761646984914,-0.14741840785601645,-0.23541460974385986,-0.10399269473735484
2025-09-17,"TDC,CRE,FCN,PC1,EVG",5,0.02481354603607535,-0.004694730183005233,0.39609938859939575,0.004,0.02081354603607535,-0.12626283526984128,-0.21950087652525296,-0.1081992072775646
2025-09-18,"TDC,PC1,EVG,NHA,IJC",5,0.02206373293070616,0.0006414256999163816,0.4022192358970642,0.004,0.01806373293070616,-0.10698493181560276,-0.20540214880615493,-0.10762718332990673
2025-09-19,"TDC,EVG,IJC,NAG,NHA",5,0.0032588312264698826,-0.005845724760247643,0.3957657814025879,0.004,-0.0007411687735301175,-0.10407474642569536,-0.20599107992097399,-0.1128437491996871
2025-09-22,"TCI,IJC,NAG,CSM,PC1",5,-0.009504618909853458,0.004703481746538833,0.38653355836868286,0.004,-0.013504618909853458,-0.11259017453263298,-0.21671386779766555,-0.10867102596772005
2025-09-23,"MSB,VDS,DTL,CSM,TCI",5,0.00022594588443682894,0.003539105141373948,0.3806200921535492,0.004,-0.0037740541155631712,-0.1123896679347598,-0.2196700320485674,-0.1055165190130668
2025-09-24,,0,0.0,-0.008962612643952546,0.0,0.0,0.0,-0.1123896679347598,-0.2196700320485674,-0.113533427969567
2025-09-25,"TCI,CSM,IJC",3,0.006320507615021342,-0.020900196230464425,0.3719424903392792,0.004,0.0023205076150213423,-0.10677952007176994,-0.21785927041570663,-0.13206075327675026
2025-09-26,"TCI,CSM,CRE,VDS,SHS",5,-0.015928395321405865,-0.025214009446648544,0.3694368302822113,0.004,-0.019928395321405865,-0.1210070889852427,-0.2334460800718352,-0.15394498164274728
2025-09-29,"GEE,CSM,CRE,TCI,TDC",5,0.028317955472925684,0.00742559045942262,0.37146663665771484,0.004,0.024317955472925683,-0.09611580687010957,-0.21480505597942556,-0.14766252357028697
2025-09-30,"GEE,CSM,TCI",3,-0.006503323616785332,0.0015297764358785675,0.3881586790084839,0.004,-0.010503323616785333,-0.10199405829013009,-0.2230522125787373,-0.1463586377834286
2025-10-01,"CTP,TCI,DTL,CSM,SHS",5,-0.01343897248822008,0.00805184672383501,0.4062981605529785,0.004,-0.01743897248822008,-0.1140623354350272,-0.23660138366836025,-0.13948524837773502
2025-10-02,"CSM,TCI,VDS,HDG,IJC",5,0.007246762187883693,0.025443385678064485,0.36107388138771057,0.004,0.0032467621878836932,-0.10764215586663572,-0.23412280990657186,-0.11759083967054584
2025-10-03,"CSM,ANV,VDS,FCN",4,0.04442274058452056,0.03178944843946939,0.36907505989074707,0.004,0.040422740584520556,-0.06800117484813728,-0.2031639549318237,-0.0895395391657372
2025-10-06,"TCI,VDS,HDG,VCI,PTM",5,0.0057298093613894485,0.0023782066478369376,0.38209834694862366,0.004,0.0017298093613894484,-0.06266099925497803,-0.20178558048157214,-0.08737427604518855
2025-10-07,"TCI,IJC",2,-0.01184684246375406,-0.0013933307150052624,0.38059931993484497,0.004,-0.01584684246375406,-0.07376550673193705,-0.21443475863997752,-0.08864586549767872
2025-10-08,"ANV,TCI,IJC",3,-0.011844858718690898,-0.004318032397905963,0.3902699947357178,0.004,-0.0158448587186909,-0.08473662344507549,-0.22688192890364134,-0.09258112217642533
2025-10-09,"TCI,IJC",2,0.005460412012906424,-0.005576340435275787,0.37163597345352173,0.004,0.0014604120129064237,-0.07973890830876162,-0.22575285798521716,-0.09764119875656552
2025-10-10,"TCI,ANV",2,-0.053511676425062216,-0.02017462436806923,0.3798848092556,0.004,-0.05751167642506222,-0.12898362207391778,-0.27028110908980063,-0.11584594861687314
2025-10-13,"LDP,VRE,TCI,ANV",4,-0.06897593919135056,-0.06847640232182879,0.36896899342536926,0.004,-0.07297593919135056,-0.18906279479241772,-0.3235330304996431,-0.17638963715385902
2025-10-14,"GEE,VJC,ANV,TCI",4,0.06314181890112708,-0.041656699776123844,0.3876309096813202,0.004,0.059141818901127075,-0.13785874464101444,-0.28352554349685877,-0.21069852677144518
2025-10-15,"GEE,TCI,HDG,ANV",4,-0.026166150125371962,-0.026836871872226373,0.38517892360687256,0.004,-0.030166150125371962,-0.16041766215801423,-0.3051388195127268,-0.23188090927703942
2025-10-16,"GEE,NLG,TCI",3,-0.024178450582420036,-0.03295337972050497,0.3982582092285156,0.004,-0.028178450582420037,-0.18071746222339935,-0.3247189309487295,-0.2571930293442021
2025-10-17,TCI,1,-0.05116279069767449,-0.027855111854116054,0.35845524072647095,0.004,-0.05516279069767449,-0.22263424322592318,-0.36196931922290665,-0.27788400059783647
2025-10-20,"TCI,SHS,TPB,IJC,PC1",5,-0.021563680788618544,0.011803974523464019,0.37929123640060425,0.004,-0.025563680788618544,-0.2393971102610023,-0.37827973187963726,-0.26936016173790767
2025-10-21,"SAV,NVL,HDB,IJC",4,-0.020642005659930462,0.01048576784329369,0.3957914113998413,0.004,-0.024642005659930463,-0.2550974794159542,-0.3936001662455527,-0.2616988420168297
2025-10-22,HT1,1,-0.14427860696517425,0.011763275887786464,0.41280823945999146,0.004,-0.14827860696517425,-0.36257097741066735,-0.48351628885857545,-0.25301400180720146
2025-10-23,"TCI,IJC,NVL,VDS,SHS",5,-0.010445740784700642,0.0097193507457684,0.37374791502952576,0.004,-0.014445740784700642,-0.3692293957492806,-0.4909772786692447,-0.24575378288858774
2025-10-24,"TCI,NVL,SHS,IJC,NHA",5,-0.004362085059769205,0.013050061009434153,0.3730301856994629,0.004,-0.008362085059769205,-0.3719808707782243,-0.4952337699623677,-0.23591082373914884
2025-10-27,"TCI,VDS,SHS,NVL,HDG",5,-0.04439495790107064,0.002725159600951277,0.3825151324272156,0.004,-0.04839495790107064,-0.399861753581092,-0.519661910414921,-0.23382855878447872
2025-10-28,GEE,1,-0.027733912356888935,0.005625046236633914,0.35755032300949097,0.004,-0.03173391235688894,-0.416505935109291,-0.5349049172514895,-0.22951880900245303
2025-10-29,"HAG,CTP,HDG,SHS,IJC",5,-0.03372527685091151,-0.014637231865609267,0.3847467303276062,0.004,-0.03772527685091151,-0.43618443398859397,-0.5524507580101745,-0.24079652084317493
2025-10-30,"NVL,HT1,SHS,HDG",4,-0.01950118541046242,-0.017709100561819006,0.36876869201660156,0.004,-0.02350118541046242,-0.44717950587868716,-0.5629686957264894,-0.254241331602446
2025-10-31,"VRE,NVL,DCL,SHS,VDS",5,-0.03159143430988194,-0.03611087095884559,0.3887579143047333,0.004,-0.035591434309881945,-0.4646438982038771,-0.5785232666839021,-0.2811713266433906
2025-11-03,"SHS,VRE,NVL,DCL,VDS",5,-0.011811765459256263,-0.024447020408930143,0.4029772877693176,0.004,-0.015811765459256263,-0.47096739891547457,-0.5851875579376298,-0.2987445458914638
2025-11-04,"VRE,SHS,VDS,VHM,VCI",5,-0.056905986430959496,-0.027985470466654155,0.38712114095687866,0.004,-0.0609059864309595,-0.5010725209343257,-0.6104521189052736,-0.3183695096919984
2025-11-05,"SHS,VRE,VHM,NVL,VDS",5,-0.019756696460690382,-0.005986978116299539,0.38598108291625977,0.004,-0.023756696460690382,-0.5109296796941237,-0.6197064896733462,-0.3224504165208749
2025-11-06,"VRE,HT1,SHS,VHM,VDS",5,-0.012612943680141608,-0.001644917551730881,0.39215022325515747,0.004,-0.016612943680141608,-0.5170982960997705,-0.6260242843423263,-0.32356492972290773
2025-11-07,"SHS,VHM,NVL,DCL,HT1",5,0.045506932825517946,0.020682837198830538,0.3927856385707855,0.004,0.04150693282551794,-0.4951229206990547,-0.6105016994341481,-0.30957433328878714
2025-11-10,"VHM,GEE,HDG,HT1,VDS",5,0.07449256570162203,0.04677739627975929,0.389476478099823,0.004,0.07049256570162203,-0.457513331697986,-0.5830449648908397,-0.2772780182753197
2025-11-11,"VHM,VDS,HDG,GEE,SHS",5,0.06251813580175414,0.04256267731738501,0.3766404390335083,0.004,0.058518135801754134,-0.4235980764984396,-0.5586455335230966,-0.24651703577699113
2025-11-12,"NVL,SHS,GEE,VDS,VRE",5,0.033655549875641275,0.011761818042295254,0.3837338089942932,0.004,0.029655549875641275,-0.4041989528136173,-0.5455569241296538,-0.2376547062538309
2025-11-13,"NVL,GEE,AFX,DGC,VHM",5,0.024743768964853197,0.004815699808214229,0.3873198926448822,0.004,0.020743768964853197,-0.38945658935301986,-0.536130061956122,-0.23398348016894444
2025-11-14,"NVL,HAG,VRE,VHM,SHS",5,0.021757698366103927,0.0032363002048988523,0.4078764021396637,0.004,0.017757698366103927,-0.37617256998475057,-0.5278927995152356,-0.23150442074885924
2025-11-17,"NVL,HAG,DGW,VHM,VRE",5,0.03605924603414064,-0.011555027927281558,0.41012296080589294,0.004,0.032059246034140634,-0.353677823202985,-0.5127573986204051,-0.2403844086290986
2025-11-18,"NVL,VRE,ANV,AFX",4,0.012763995278701007,-0.02204677664348181,0.3957550823688507,0.004,0.008763995278701007,-0.34542816998982806,-0.5084872067623323,-0.25713148390695917
2025-11-19,"HAG,VRE,NVL",3,0.036592169111819096,0.0024564395483825077,0.36178699135780334,0.004,0.0325921691118191,-0.3214759668902629,-0.49246773868450766,-0.2553066723047799
2025-11-20,"VJC,VRE,SHS,AFX,NVL",5,0.031331570216888684,0.0030604457001133165,0.3741946816444397,0.004,0.027331570216888684,-0.30021674350303873,-0.478596085047027,-0.253027578812132
2025-11-21,"NVL,SHS,VRE",3,-0.0010247401551749895,0.004749251497939502,0.38303351402282715,0.004,-0.00502474015517499,-0.30093383950589025,-0.48121600423555666,-0.2494800189218861
2025-11-24,"NVL,VRE,SHS,HAG",4,-0.03261511759405991,-0.0037649391826905607,0.3858731985092163,0.004,-0.036615117594059915,-0.32373396453643355,-0.500211341246388,-0.25230568100603934
2025-11-25,NVL,1,-0.02941176470588247,0.013344044300496117,0.38850638270378113,0.004,-0.033411764705882474,-0.34362414205006797,-0.5169101623153323,-0.24232841489015455
2025-11-26,"GEE,NVL,DCL",3,0.07596668630867787,0.0028778240183436575,0.4240199029445648,0.004,0.07196668630867786,-0.2937614431485962,-0.48214378750776965,-0.240147969404509
2025-11-27,"GEE,SHS,NVL,DCL",4,0.03923755915943544,0.013784471732141654,0.3958258330821991,0.004,0.03523755915943544,-0.266050365993465,-0.46389579858399355,-0.22967381056815506
2025-11-28,SHS,1,0.028571428571428692,0.013848621814965493,0.3814600706100464,0.004,0.024571428571428692,-0.24508037645042102,-0.4507229524920573,-0.21900585449654986
2025-12-01,"GEE,SHS,HAG",3,0.038253569110680154,0.011294568350807705,0.3970976769924164,0.004,0.03425356911068016,-0.2162020064579585,-0.43190825318433357,-0.2101848627385805
2025-12-02,"GEE,ITD,PC1",3,-0.02608960993891644,-0.0023572882637396767,0.36974939703941345,0.004,-0.03008960993891644,-0.23665099038037574,-0.44900191225553465,-0.2120466846921708
2025-12-03,CTP,1,-0.028037383177569986,-0.019231142218537067,0.3649172782897949,0.004,-0.03203738317756999,-0.2580532990612997,-0.46665444912271237,-0.22719992696042346
2025-12-04,"GEE,NVL,DCL",3,-0.06738452659343863,-0.03405612285577383,0.3651556968688965,0.004,-0.07138452659343864,-0.30804902626161756,-0.5047270687828043,-0.2535185011908103
2025-12-05,HID,1,-0.19043062200956928,-0.054729460687687005,0.41278937458992004,0.004,-0.1944306220095693,-0.4398176805907449,-0.6010232928638662,-0.2943730310339736
2025-12-08,DCL,1,-0.008663366336633671,-0.04898488453733518,0.3710334897041321,0.004,-0.012663366336633671,-0.44467074523909245,-0.606075681066115,-0.3289380866352042
2025-12-09,"BCP,DCL,AFX",3,0.007086132258546078,-0.017073832271551286,0.3803575932979584,0.004,0.003086132258546078,-0.4407356086928168,-0.6048599785180273,-0.34039568518782093
2025-12-10,,0,0.0,-0.021825221565063904,0.0,0.0,0.0,-0.4407356086928168,-0.6048599785180273,-0.3547916955038689
2025-12-11,,0,0.0,-0.01057018189474719,0.0,0.0,0.0,-0.4407356086928168,-0.6048599785180273,-0.36161166464239447
2025-12-12,"VRE,VNP,VOS",3,0.07022067582728349,0.025813995464719353,0.3801741302013397,0.004,0.06622067582728348,-0.40146368516909214,-0.5786935392490837,-0.3451323110487434
2025-12-15,"GEE,NVL",2,0.09493595649202058,0.03686325449127281,0.3899233937263489,0.004,0.09093595649202058,-0.3446410676254107,-0.5403816332644312,-0.32099175677282155
2025-12-16,GEE,1,0.1974345269909139,0.012684052199985401,0.38681861758232117,0.004,0.1934345269909139,-0.21525058680276332,-0.4514755718986001,-0.3123791807715076
2025-12-17,"GEE,ITD,DGC",3,0.014458369569849324,0.014970389774460156,0.39600086212158203,0.004,0.010458369569849324,-0.2039043897670353,-0.4457389007114254,-0.3020852290906234
2025-12-18,DGC,1,-0.09977703455964337,0.0030810882375908936,0.39796769618988037,0.004,-0.10377703455964338,-0.28333644898203014,-0.5032584739673618,-0.2999348920991336
2025-12-19,"DGC,VHM",2,-0.005407293804353119,-0.001112402285772905,0.4180775582790375,0.004,-0.00940729380435312,-0.28721165936125537,-0.5079314674475734,-0.30071364612535234
2025-12-22,"GEE,DGC,DCL",3,-0.004758787691910775,-0.005226405474827561,0.40296998620033264,0.004,-0.008758787691910776,-0.29060366774362445,-0.5122413912540702,-0.304368400153715
2025-12-23,"DGC,VHM,ITD",3,-0.02390033947301799,-0.0013454327214091767,0.40865185856819153,0.004,-0.02790033947301799,-0.30755848090546567,-0.5258500220189686,-0.3053043256701944
2025-12-24,"DGC,VHM",2,0.03180907040841896,-0.004006260703889117,0.39662325382232666,0.004,0.02780907040841896,-0.285532559870875,-0.5126643518971438,-0.30808745765142365
2025-12-25,"DGC,FCN",2,-0.0242840557275541,0.0011946283408759005,0.38021862506866455,0.004,-0.0282840557275541,-0.30288272700249363,-0.5264481805261086,-0.30726087931892654
2025-12-26,"DGC,FCN",2,0.010484622553588063,0.007199672546988863,0.43278706073760986,0.004,0.006484622553588063,-0.29557371551952805,-0.5233773757172555,-0.3022733844895338
2025-12-29,"DGC,GEE,NVL,DCL",4,0.00032172492779969364,0.014246584846251069,0.4138333201408386,0.004,-0.0036782750722003064,-0.29534708402401344,-0.5251305248350014,-0.2923331630621764
2025-12-30,DGC,1,-0.036809815950920366,0.008379452197786625,0.4988669157028198,0.004,-0.04080981595092037,-0.32128522817036886,-0.5445098607171952,-0.28640330263009695
2025-12-31,HDB,1,-0.06060606060606066,0.0058476316392817185,0.3647506833076477,0.004,-0.06460606060606067,-0.3624194567661041,-0.5739372842611631,-0.28223045200486974
2026-01-05,"VHM,DGW",2,0.014931041592065653,0.02176389615251216,0.3904168903827667,0.004,0.010931041592065652,-0.352899715156787,-0.5692799749945934,-0.26660899010086814
2026-01-06,"VRE,PC1,NVL,GEE",4,-0.05844741898586947,0.02761136378331448,0.3895980417728424,0.004,-0.062447418985869474,-0.39072105663089374,-0.5961773288617103,-0.24635906413113084
2026-01-07,"POW,PVT",2,0.04652080344332854,0.01944690578729487,0.38186854124069214,0.004,0.042520803443328536,-0.3623769106642607,-0.5790064644362791,-0.2317030798538403
2026-01-08,DGC,1,0.07165605095541405,0.02901048710893505,0.4154967963695526,0.004,0.06765605095541405,-0.31668735808447046,-0.5505237043422802,-0.20941441195610577
2026-01-09,"DGC,CTR,DCL,NVL,FCN",5,0.03992435284324354,0.0357232980724216,0.3835375905036926,0.004,0.03592435284324354,-0.2894065430663859,-0.5343765593023981,-0.181172087342653
2026-01-12,"VVS,DGC,VDS,SHS,VNP",5,0.03351572959070677,0.016782710571952908,0.39399462938308716,0.004,0.02951572959070677,-0.26559048491487347,-0.5206333437356732,-0.16742993547628837
2026-01-13,"SHS,DGC,PVT,DRI",4,-0.04436535024744562,0.011574408899134778,0.36709463596343994,0.004,-0.04836535024744562,-0.2981728202766818,-0.5438180799628443,-0.15779342911231198
2026-01-14,"CTR,BCM,OIL,DGC,NVL",5,0.02413212134469911,-0.0031341092490570687,0.39803656935691833,0.004,0.02013212134469911,-0.28123624161259075,-0.5346341701933983,-0.16043299651574772
2026-01-15,"GEE,STB,MIG,PGV,BCM",5,-0.019138520646120406,-0.001673253046089754,0.37512460350990295,0.004,-0.023138520646120406,-0.2949923166421713,-0.5454020470543774,-0.16183780456172425
2026-01-16,"DGW,FCN,CTR,DGC,ACV",5,0.0046920220113229275,-0.014455053881335679,0.3735857605934143,0.004,0.0006920220113229274,-0.29168440507370463,-0.5450874552646368,-0.1739534842580832
2026-01-19,"DGC,ACV,CTR",3,-0.041346485728007476,-0.035178820895809565,0.3630709648132324,0.004,-0.04534648572800748,-0.32097076571024985,-0.5657161404819704,-0.20301282668697562
2026-01-20,"CTR,VNP,OIL",3,-0.03669880515518098,-0.03081107785293433,0.3831169605255127,0.004,-0.040698805155180984,-0.34589032727412117,-0.5833909746625348,-0.22756886053171332
2026-01-21,"OIL,DGC,BCM",3,-0.05151858632087466,-0.021694341095317433,0.3695649802684784,0.004,-0.055518586320874655,-0.37958913291176843,-0.6065205187977882,-0.24432624514398305
2026-01-22,"DGC,VOS,GEE,DRI,BCM",5,-0.069272981652889,-0.029404692078139866,0.3797093629837036,0.004,-0.07327298165288901,-0.42256684352482443,-0.6353519336047062,-0.26654659921705603
2026-01-23,"DRI,OIL,VJC,TTN,SHS",5,0.00010115161150427986,-0.0075717935229022825,0.37208232283592224,0.004,-0.0038988483884957203,-0.42250843523051096,-0.6367736411307395,-0.27210015692645495
2026-01-26,"GEE,OIL,BCM,HT1,CSV",5,0.015988365151038807,0.012589007684032927,0.3698202073574066,0.004,0.011988365151038807,-0.4132752892213316,-0.6324191509081325,-0.2629366202087957
2026-01-27,"VCG,GEE,DRI,NVL",4,0.02472960019371881,0.02703519886333576,0.38816606998443604,0.004,0.02072960019371881,-0.39876582169999986,-0.6247993468675905,-0.24300996516125817
2026-01-28,"VHM,GEE,VOS,PC1,SHS",5,0.030945651542558284,0.029004123192298538,0.38277167081832886,0.004,0.026945651542558284,-0.3801602383228516,-0.6146893208097443,-0.22105413293545284
2026-01-29,"VVS,VCG,DGW,DRI,VOS",5,0.07769639079847959,0.008411288297961115,0.39605990052223206,0.004,0.07369639079847959,-0.3320009259671475,-0.5862933144173116,-0.21450219467906773
2026-01-30,"NVL,VCG,VOS,VHM,GEE",5,-0.03887962904385693,-0.027211805132979962,0.39584478735923767,0.004,-0.042879629043856934,-0.3579724821671847,-0.6040329036280607,-0.23587700788984434
2026-02-02,"VHM,DGW,VHC,GEE,VCG",5,-0.062036509022994624,-0.02690630168563496,0.40651369094848633,0.004,-0.06603650902299463,-0.397801628070231,-0.6301811883604354,-0.2564367316404903
2026-02-03,"GEE,DGW,VHM,DPR,VOS",5,-0.0770489059367857,-0.03616071904922135,0.41484031081199646,0.004,-0.08104890593678571,-0.4442003537843333,-0.6601545984386643,-0.28332451408295933
2026-02-04,"VOS,VHM,MIG,DGW,CTI",5,-0.036597048879933404,-0.02560183551893988,0.4073985517024994,0.004,-0.0405970488799334,-0.4645409806043378,-0.6739513188174704,-0.30167272199386375
2026-02-05,"VHM,NVL,DGW,DRI,OIL",5,0.006434950000708595,-0.014550025806237432,0.40359535813331604,0.004,0.0024349500007085946,-0.46109532858709823,-0.673157406580994,-0.3118334019100526
2026-02-06,"GEE,VCG,BCM,VOS,DGW",5,0.0063169769664658485,0.017027019725510732,0.3932272791862488,0.004,0.0023169769664658484,-0.45769108019066207,-0.6724001198203822,-0.30011597566993753
2026-02-09,"GEE,BCM,DGW,DST,VOS",5,0.054041337544691426,0.036053020387163986,0.38272055983543396,0.004,0.05004133754469142,-0.42838398080174855,-0.6560065836367135,-0.2748830426721154
2026-02-10,"GEE,MIG,VHM,DGW,DST",5,0.06278772800348786,0.044901368684972416,0.37700656056404114,0.004,0.05878772800348786,-0.39249350966589225,-0.6357839922405579,-0.2423242988314106
2026-02-11,"VOS,BCM,DST,VHM,FDC",5,0.06738572437658315,0.028686256962468622,0.3760298788547516,0.004,0.06338572437658314,-0.3515562447512527,-0.6126978967591785,-0.22058941897346984
2026-02-12,"VOS,BCM",2,0.05425468542363554,0.03222602794317329,0.3625122904777527,0.004,0.05025468542363554,-0.31637513279531104,-0.5932341513968986,-0.19547211181010404
2026-02-13,"GEE,NVL,VOS",3,0.043217966276682396,0.02394387597685509,0.3837113678455353,0.004,0.03921796627668239,-0.2868302563385572,-0.5772816220638761,-0.17620859583536408
2026-02-23,,0,0.0,-0.0036298808413137216,0.0,0.0,0.0,-0.2868302563385572,-0.5772816220638761,-0.1791988604705803
2026-02-24,DGC,1,-0.017310252996005304,-0.014657227992770788,0.3957591652870178,0.004,-0.021310252996005304,-0.29917540503043305,-0.5862898576437559,-0.19122952990938913
2026-02-25,,0,0.0,-0.021986206425956188,0.0,0.0,0.0,-0.29917540503043305,-0.5862898576437559,-0.20901132441601888
2026-02-26,"VVS,GEE,VOS",3,0.0497724052693456,-0.032687080034753305,0.38562798500061035,0.004,0.045772405269345603,-0.26429367926688285,-0.5673533493437872,-0.23486643456141598
2026-02-27,PC1,1,-0.06633499170812607,-0.04078308064943876,0.41070884466171265,0.004,-0.07033499170812607,-0.3130967519523301,-0.5977835479302405,-0.26607093846829044
2026-03-02,"VOS,POW,DPR,CSV,NVL",5,-0.12300608241162073,-0.09208437396375967,0.40520310401916504,0.004,-0.12700608241162073,-0.3975900294904917,-0.6488674837891221,-0.3336543366332476
2026-03-03,"PVT,ELC,DGW,NVL,DPR",5,-0.08174327479175239,-0.07068094588085504,0.39298227429389954,0.004,-0.0857432747917524,-0.4468329932471419,-0.6789747356149108,-0.3807522784036155
2026-03-04,"PVT,ELC,GEE,VCI",4,-0.06873191237107007,-0.04116203850105724,0.3859260678291321,0.004,-0.07273191237107007,-0.48485321948184645,-0.7023235170130668,-0.40624177696165786
2026-03-05,"GEE,DGW,DRI,POW,ELC",5,-0.06662563798643002,-0.035712778058825036,0.37949317693710327,0.004,-0.07062563798643003,-0.5191752023905238,-0.7233471085375756,-0.42744653260162846
2026-03-06,"PVT,VVS,POW,DPR,DRI",5,-0.04203850244185081,-0.023602350175244705,0.4041026532649994,0.004,-0.046038502441850815,-0.5393883568189323,-0.7360837933567135,-0.4409601400332154
2026-03-09,"DGW,GDA,VRE,ACV,MML",5,0.07836917430193835,0.033310041009487326,0.44845184683799744,0.004,0.07436917430193835,-0.503290602668973,-0.7164565629837526,-0.4223384993717837
2026-03-10,"GEE,NLG,VOS,VRE,SHS",5,0.06810355916424796,0.027043335269003148,0.42456918954849243,0.004,0.06410355916424795,-0.4694629248404014,-0.6982804194933474,-0.4067166057382994
2026-03-11,"DGW,GEE,ANV,FRT,VHM",5,0.01729743036904956,-0.004966570615465899,0.41691938042640686,0.004,0.01329743036904956,-0.460285996724629,-0.6942683243805813,-0.40966318961088344
2026-03-12,"VCG,NVL,SHS,GEE,DGW",5,0.032760598919596796,-0.006194316706973318,0.4173484444618225,0.004,0.028760598919596796,-0.4426046427320347,-0.685475298281075,-0.41331992277821805
2026-03-13,"NVL,DGW,FCN,SHS,DHB",5,0.011675899476358942,-0.016709501814781896,0.4315338730812073,0.004,0.007675899476358942,-0.4360965505719847,-0.6830610382878486,-0.42312305459325183
2026-03-16,"NVL,OIL,VCK,VCC,ELC",5,-0.08006622788371458,-0.05073465395432658,0.4341486096382141,0.004,-0.08406622788371458,-0.48124617265830083,-0.7097049012683703,-0.4523907067926921
2026-03-17,"OIL,ONE,VCK,DRI,VOS",5,-0.08494507490004695,-0.037848468413693874,0.4263920783996582,0.004,-0.08894507490004695,-0.5253117553765275,-0.7355252205681715,-0.4731168798296941
2026-03-18,"GEE,FCN,PVT,DGC,VDS",5,-0.06540626898201951,-0.014741012939149322,0.3889668583869934,0.004,-0.06940626898201951,-0.556359342386973,-0.7538814282483773,-0.4808836707215439
2026-03-19,"NVL,OIL,VOS,DGC,ELC",5,-0.05557207003650353,-0.009729315495567348,0.41942352056503296,0.004,-0.05957207003650353,-0.5810133720828847,-0.7685432210420492,-0.48593431726799485
2026-03-20,"VOS,NVL,OIL,PVT,DGC",5,-0.011135417363465017,0.01746986068636427,0.439431756734848,0.004,-0.015135417363465017,-0.5856789630544526,-0.772046415993181,-0.476953661407026
2026-03-23,"OIL,VOS,NVL,PVT,SHS",5,0.07176303043331522,0.04672192942044895,0.4476173520088196,0.004,0.06776303043331522,-0.5559460298709665,-0.7565995903427437,-0.4525159272916609
2026-03-24,"OIL,VOS,DGC,DRI,CSV",5,0.008404424926562326,0.029231942822250022,0.43847227096557617,0.004,0.004404424926562326,-0.5522140116156752,-0.7555275515113138,-0.43651190418215813
2026-03-25,"OIL,DGC,VOS,CSV,ACV",5,-0.01066382111938724,0.011861116164676914,0.4381384253501892,0.004,-0.01466382111938724,-0.5569891212955737,-0.7591124517645705,-0.42982830642025016
2026-03-26,"DGC,OIL,VOS,NVL,FCN",5,0.0009536869856039409,0.010749154131109582,0.4340483546257019,0.004,-0.003046313014396059,-0.5565666275860723,-0.7598462706377661,-0.4236994430047657
2026-03-27,"VOS,OIL,SHS,DGC,ACV",5,0.004209588037550049,-0.012122072499328444,0.42712101340293884,0.004,0.00020958803755004914,-0.5546999557661081,-0.7597959372889187,-0.4306854001380652
2026-03-30,"DGC,VOS,OIL,GEE,PVT",5,-0.006111272659981104,-0.015588340874992796,0.4367769658565521,0.004,-0.010111272659981104,-0.5574213057519231,-0.7622247060610257,-0.4395600701858232
2026-03-31,"GEE,DGC,VVS,VOS,PVT",5,-0.020672473152403593,-0.017951844068107035,0.4389584958553314,0.004,-0.024672473152403594,-0.5665705019265923,-0.7680912106170399,-0.4496210004153881
2026-04-01,"DGC,OIL,DRI,VOS,FCN",5,0.016246178730970763,0.007318596187055111,0.42459869384765625,0.004,0.012246178730970763,-0.5595289288336167,-0.7652512141329731,-0.44559299876759295
2026-04-02,"DGC,DRI,VHM,ANV,FCN",5,0.03590190507483566,0.008000650350256325,0.41380029916763306,0.004,0.03190190507483566,-0.54371517824839,-0.7577622806498103,-0.44115738219899836
2026-04-03,"DGC,DRI,OIL,SHS,VDS",5,0.021089888153131862,0.026877926489866914,0.40557438135147095,0.004,0.017089888153131862,-0.5340921823916769,-0.7536224651196458,-0.42613685139833823
2026-04-06,"SHS,VDS",2,0.07224880382775112,0.04413756601271868,0.3763273358345032,0.004,0.06824880382775111,-0.5004308998754775,-0.7368074930740316,-0.40080792879466576
2026-04-07,"DGC,PVT,DCL",3,-0.0346664855717271,0.041420565448354284,0.37268421053886414,0.004,-0.0386664855717271,-0.5177492048770249,-0.7469842223456713,-0.3759890543931702
2026-04-08,"NVL,GEE,VDS,SHS,VHM",5,0.029952489772221823,0.00280310337947653,0.417388379573822,0.004,0.025952489772221823,-0.5033045928684582,-0.7404178329638865,-0.3742398872027094
2026-04-09,"NVL,DGC,PVT",3,0.010375016584031024,-0.0006920049140633261,0.38698360323905945,0.004,0.006375016584031024,-0.4981513697822564,-0.7387629923441126,-0.3746729162757899
2026-04-10,"DCL,OIL,VVS,SHS,GEE",5,-0.006035000468643914,-0.0007047359153897547,0.4006590247154236,0.004,-0.010035000468643914,-0.5011800265008088,-0.7413845058383666,-0.37511360673055627
2026-04-13,"DCL,NVL,OIL,DGC,PC1",5,-0.0364906355218481,0.003909322922715977,0.39616626501083374,0.004,-0.0404906355218481,-0.5193822843447857,-0.7518560115527679,-0.3726707240292547
2026-04-14,"DCL,OIL,NVL,VVS,DGC",5,0.01548777813595279,-0.00444318198798622,0.39986565709114075,0.004,0.01148777813595279,-0.5119385837965093,-0.7490053884677157,-0.3754580621687844
2026-04-15,"DCL,OIL,NVL,SHS,DGC",5,0.002441871418991215,-0.005272955223656787,0.4145418703556061,0.004,-0.0015581285810087851,-0.5107468005735696,-0.7493964703456233,-0.3787512438422642
2026-04-16,"DCL,OIL,DGC,NVL",4,0.024947274504521916,-0.006301525403532452,0.42521655559539795,0.004,0.020947274504521916,-0.4985412667052628,-0.744147009418151,-0.38266605866110515
2026-04-17,"DCL,TMT,DGC,NVL,OIL",5,0.014811228234099616,-0.008073849432800352,0.4167160987854004,0.004,0.010811228234099616,-0.491114046956452,-0.7413809243425937,-0.3876503199532325
2026-04-20,"DCL,GEE",2,-0.032182264559463214,-0.019277578056317444,0.41767317056655884,0.004,-0.03618226455946322,-0.507491149327894,-0.7507383481581538,-0.3994549387080951
2026-04-21,DCL,1,0.03611111111111098,-0.010072568324410943,0.4786604046821594,0.004,0.03211111111111098,-0.4897061074980681,-0.7427342795601213,-0.4055039698698454
2026-04-22,"DCL,NVL",2,0.02719047619047632,-0.012195508007026347,0.3913971185684204,0.004,0.02319047619047632,-0.47583097356384874,-0.7367681649956345,-0.4127541509654431
2026-04-23,"DCL,PVT",2,0.0016233766233766378,-0.010614515388875475,0.37654513120651245,0.004,-0.0023766233766233623,-0.47498004981963415,-0.7373937679281772,-0.4189874810670736
2026-04-24,PC1,1,-0.11804008908685959,-0.0010654218701806068,0.4208342134952545,0.004,-0.1220400890868596,-0.5369534515113031,-0.769442255884987,-0.41960650451159354
2026-04-28,"PC1,VRE",2,0.048274094326725914,0.00827014481949352,0.406444787979126,0.004,0.04427409432672591,-0.514600298751895,-0.7592345205742819,-0.4148065662516124
2026-04-29,"PC1,DCL,NVL",3,-0.07123222884347902,0.0008371985910938473,0.4182898998260498,0.004,-0.07523222884347902,-0.5491764013517564,-0.7773478442200474,-0.4143166431333609
2026-05-04,"PC1,NAB,DCL",3,-0.0028423718858652247,-0.007511641968781026,0.4013601243495941,0.004,-0.006842371885865225,-0.5504578096740387,-0.7788713130710834,-0.41871608681721695
2026-05-05,"PC1,GEE,NVL,NAB,PVT",5,0.005872649212263115,-0.00233982093071865,0.4111270308494568,0.004,0.0018726492122631147,-0.5478178060841419,-0.7784572166096972,-0.420076187083972
2026-05-06,"PC1,GEE,NAB",3,0.01981029223967686,-0.010995108852818966,0.41127005219459534,0.004,0.01581029223967686,-0.5388599446770905,-0.7749545604607051,-0.4264525125333255
2026-05-07,"GEE,PC1,NAB,STB",4,-0.002553326147453322,-0.004648691527862635,0.40996062755584717,0.004,-0.006553326147453322,-0.5400373856379845,-0.7764293566240031,-0.4291187578791388
2026-05-08,"PC1,NAB",2,-0.008922206380324427,-0.00487630550936781,0.43977659940719604,0.004,-0.012922206380324427,-0.5441412670105561,-0.7793183826182897,-0.4319025492252875
2026-05-11,"PC1,NAB,NVL,DGC,VRE",5,0.000412294613009534,0.0050416686804910845,0.39607667922973633,0.004,-0.003587705386990466,-0.5439533189106511,-0.7801101232457798,-0.4290383901002498
2026-05-12,"PC1,NAB,NVL,PVT",4,0.023002934904774924,-0.003359268772476364,0.40047556161880493,0.004,0.019002934904774924,-0.5334629067920142,-0.7759315702316003,-0.43095640360666887
2026-05-13,"PC1,NAB",2,0.01938371989691645,-0.012445214995538861,0.4184841215610504,0.004,0.015383719896916451,-0.524419682455749,-0.7724845642703014,-0.4380382735056185
2026-05-14,"NAB,PC1,NVL",3,0.010508155253341034,-0.017246936814634236,0.39719435572624207,0.004,0.006508155253341034,-0.5194222106435608,-0.771003858492041,-0.44773039189470987
2026-05-15,"NAB,PC1,GEE",3,0.0014987670490062739,-0.01681021879368377,0.3766609728336334,0.004,-0.0025012329509937264,-0.518701936488389,-0.7715766311868311,-0.45701416484006174
2026-05-18,NAB,1,0.0,-0.012080002836964443,0.36715057492256165,0.004,-0.004,-0.518701936488389,-0.7724903246620838,-0.46357343526922534
2026-05-19,"PC1,NAB,CTR",3,0.005193450255519834,-0.005781948619147461,0.39677369594573975,0.004,0.001193450255519834,-0.5162023389374635,-0.7722188031819185,-0.46667502610444445
2026-05-20,NAB,1,-0.008130081300813163,-0.00561456709184927,0.3619323670864105,0.004,-0.012130081300813163,-0.5201356532550452,-0.7749818076181184,-0.46966941495213976
2026-05-21,"PC1,NVL,NAB",3,-0.03192088909201666,-0.013787864464526154,0.4104701578617096,0.004,-0.035920889092016656,-0.5354533498467038,-0.783064661150354,-0.47698154118017255
2026-05-25,"NVL,NAB,PVT",3,-0.04429898058930315,-0.023342863553313185,0.40064704418182373,0.004,-0.04829898058930315,-0.5560322928846705,-0.7935424168705869,-0.4891902897002679
2026-05-26,"NAB,NVL,VVS,PVT",4,-0.021615529472934686,-0.019938689643273895,0.39298954606056213,0.004,-0.025615529472934686,-0.5656288899428531,-0.7988309371761493,-0.49937516598070497
2026-05-27,"NAB,PVT,PC1,SSB,OIL",5,-0.03659995707176027,-0.01697425044655805,0.38674992322921753,0.004,-0.04059995707176027,-0.5815268539241575,-0.8069983924909638,-0.507872897293115
2026-05-28,"NAB,PC1,SSB,PVT,NVL",5,-0.046147399625981377,-0.017474386334561103,0.3908393383026123,0.004,-0.05014739962598137,-0.6008383014288611,-0.8166769212311763,-0.5164725164115234
2026-06-01,"SSB,OIL,DGC,NAB,VRE",5,-0.012482225479122944,-0.025126483710891767,0.3708038926124573,0.004,-0.016482225479122946,-0.6058207277530557,-0.8196984935509711,-0.5286218618516778
2026-06-02,"TVN,SSB,NAB,GEE,PVT",5,-0.019625697293843825,-0.013657533707883864,0.3923951983451843,0.004,-0.023625697293843825,-0.6135567708296819,-0.8239582423639599,-0.5350597246625981
2026-06-03,"NVL,SSB,GEE,OIL,DGC",5,-0.02707222056374381,-0.018666861366806474,0.3929015100002289,0.004,-0.03107222056374381,-0.6240186471651461,-0.8294282506856561,-0.5437387003261662
2026-06-04,,0,0.0,-0.011428571428571455,0.0,0.0,0.0,-0.6240186471651461,-0.8294282506856561,-0.5489531151795815
