model_name,trading_date,selected_symbols,selected_count,daily_return,benchmark_return,avg_buy_probability,daily_cost_rate,daily_return_net,cumulative_return,cumulative_return_net,benchmark_cumulative_return,created_at
model3,2024-10-18,,0,0.0,-0.0267419068828641,0.0,0.0,0.0,0.0,0.0,-0.0267419068828641,2026-06-03 08:51:01
model3,2024-10-21,,0,0.0,-0.0181315167909009,0.0,0.0,0.0,0.0,0.0,-0.0443885523400977,2026-06-03 08:51:01
model3,2024-10-22,,0,0.0,-0.0006781721996456,0.0,0.0,0.0,0.0,0.0,-0.0450366214575638,2026-06-03 08:51:01
model3,2024-10-23,,0,0.0,-0.0056293555633894,0.0,0.0,0.0,0.0,0.0,-0.0504124498653949,2026-06-03 08:51:01
model3,2024-10-24,,0,0.0,0.0074502183092158,0.0,0.0,0.0,0.0,0.0,-0.0433378153131785,2026-06-03 08:51:01
model3,2024-10-25,,0,0.0,0.0001638614216401,0.0,0.0,0.0,0.0,0.0,-0.0431810552875664,2026-06-03 08:51:01
model3,2024-10-28,,0,0.0,-0.0090611846500148,0.0,0.0,0.0,0.0,0.0,-0.0518509684222381,2026-06-03 08:51:01
model3,2024-10-29,,0,0.0,-0.0129678087147375,0.0,0.0,0.0,0.0,0.0,-0.0641463836968022,2026-06-03 08:51:01
model3,2024-10-30,,0,0.0,0.0004673333968897,0.0,0.0,0.0,0.0,0.0,-0.0637090280473038,2026-06-03 08:51:01
model3,2024-10-31,,0,0.0,0.0039617063155109,0.0,0.0,0.0,0.0,0.0,-0.059999718190563,2026-06-03 08:51:01
model3,2024-11-01,,0,0.0,0.0055449482688579,0.0,0.0,0.0,0.0,0.0,-0.0547874652552179,2026-06-03 08:51:01
model3,2024-11-04,,0,0.0,0.0189372803981143,0.0,0.0,0.0,0.0,0.0,-0.0368877104489436,2026-06-03 08:51:01
model3,2024-11-05,,0,0.0,0.0193778038308479,0.0,0.0,0.0,0.0,0.0,-0.0182247094349445,2026-06-03 08:51:01
model3,2024-11-06,,0,0.0,0.0056896226182731,0.0,0.0,0.0,0.0,0.0,-0.0126387785356838,2026-06-03 08:51:01
model3,2024-11-07,,0,0.0,-0.0060099599612244,0.0,0.0,0.0,0.0,0.0,-0.01857277994395,2026-06-03 08:51:01
model3,2024-11-08,,0,0.0,-0.0237258652314794,0.0,0.0,0.0,0.0,0.0,-0.0418579899015053,2026-06-03 08:51:01
model3,2024-11-11,"VOS,TRC",2,-0.0328659783420344,-0.0272519176617774,0.3888964653015136,0.004,-0.0368659783420344,-0.0328659783420344,-0.0368659783420344,-0.0679691970689994,2026-06-03 08:51:01
model3,2024-11-12,"VOS,HAG",2,-0.0300237455626978,-0.0371703105600279,0.3729286193847656,0.004,-0.0340237455626978,-0.0619029641333218,-0.0696354052377029,-0.1026130714654569,2026-06-03 08:51:01
model3,2024-11-13,VOS,1,-0.1010230179028133,-0.0302211680752622,0.3664125502109527,0.004,-0.1050230179028133,-0.1566723577822574,-0.1673451027295673,-0.1297331526612427,2026-06-03 08:51:01
model3,2024-11-14,,0,0.0,-0.0071579731116737,0.0,0.0,0.0,-0.1566723577822574,-0.1673451027295673,-0.1359624993544747,2026-06-03 08:51:01
model3,2024-11-15,"VOS,ITD",2,-0.0385931309761402,0.0031574167388333,0.3598292768001556,0.004,-0.0425931309761402,-0.1892190119341663,-0.2028104818269315,-0.1332343728869568,2026-06-03 08:51:01
model3,2024-11-18,"ANT,CSM,VOS",3,-0.0136401127868634,0.0070775654788452,0.4090901911258697,0.004,-0.0176401127868634,-0.2002781560568288,-0.2168729948400097,-0.1270997824062518,2026-06-03 08:51:01
model3,2024-11-19,"VOS,CTR",2,0.0185981959222011,0.0268226580367209,0.3981865048408508,0.004,0.0145981959222011,-0.1854047725199097,-0.2054407533867175,-0.1036862783695553,2026-06-03 08:51:01
model3,2024-11-20,,0,0.0,0.018452318139742,0.0,0.0,0.0,-0.1854047725199097,-0.2054407533867175,-0.0871472124250142,2026-06-03 08:51:01
model3,2024-11-21,VOS,1,0.0163584637268847,0.0126211703187402,0.3732475936412811,0.004,0.0123584637268847,-0.1720792460390832,-0.1956212217585864,-0.0756259419170936,2026-06-03 08:51:01
model3,2024-11-22,"CSM,VOS",2,0.05792583606075,0.0246965068030326,0.3937523365020752,0.004,0.05392583606075,-0.1241212441738506,-0.1522444236323936,-0.0527971317031021,2026-06-03 08:51:01
model3,2024-11-25,"VOS,CSM",2,0.0345542203641008,0.0146035264658212,0.3636271953582763,0.004,0.0305542203641008,-0.0938559366327994,-0.1263419129371624,-0.0389646295474266,2026-06-03 08:51:01
model3,2024-11-26,"NHA,CSM,VOS",3,0.0217233358977616,0.0108134965365984,0.399831622838974,0.004,0.0177233358977616,-0.074171464772511,-0.1108577772003518,-0.028572476897489,2026-06-03 08:51:01
model3,2024-11-27,"CSM,VOS",2,0.0220644543889391,0.0043698081857234,0.3713557720184326,0.004,0.0180644543889391,-0.0537435632850056,-0.0947959080713075,-0.0243275249551988,2026-06-03 08:51:01
model3,2024-11-28,"CSM,NHA,DBD",3,0.0441408183407788,0.0255754894032584,0.390954852104187,0.004,0.0401408183407788,-0.0119750298081764,-0.0584602750558682,0.0006257760913603,2026-06-03 08:51:01
model3,2024-11-29,"DBD,VOS,NHA,MIG",4,0.0492268825559157,0.018223880120254,0.3839918673038482,0.004,0.0452268825559157,0.0366623593617685,-0.0158773684940908,0.0188610602800856,2026-06-03 08:51:01
model3,2024-12-02,CSM,1,0.0602593440122045,0.0259347806647731,0.3738428354263305,0.004,0.0562593440122045,0.0991309530990529,0.0394887251819962,0.0452849984063279,2026-06-03 08:51:01
model3,2024-12-03,"IMP,CSM,VOS,NHA",4,0.0289987895798507,0.0208897227149261,0.3802348971366882,0.004,0.0249987895798507,0.1310044203286731,0.0654746850934482,0.0671207121811081,2026-06-03 08:51:01
model3,2024-12-04,"NHA,VOS,CSM",3,0.0388900845117751,0.0303922200307338,0.3681677281856537,0.004,0.0348900845117751,0.1749892778184465,0.1026491869015158,0.0995528796650697,2026-06-03 08:51:01
model3,2024-12-05,"NHA,L14,ANV,CSM,VCI",5,0.038483000847852,0.0082214399650771,0.3891807794570923,0.004,0.034483000847852,0.2202063911929508,0.1406718397483242,0.1085927876536636,2026-06-03 08:51:01
model3,2024-12-06,"CSV,VDS,CSM,VOS",4,0.0097857714249001,0.0020750775063874,0.4101223051548004,0.004,0.0057857714249001,0.2321470520283672,0.1472715062839282,0.110893203611067,2026-06-03 08:51:01
model3,2024-12-09,"VOS,NHA,CSM,CTI,TDC",5,-0.0045522965691658,-0.0061119315303803,0.3749934136867523,0.004,-0.0085522965691658,0.2265379532307108,0.1374597001168345,0.1041035004130315,2026-06-03 08:51:01
model3,2024-12-10,"VDS,NHA,CSM",3,0.0055169373583695,-0.0027584028019196,0.3666597604751587,0.004,0.0015169373583695,0.2333046862863472,0.1391851552295815,0.1010579382238829,2026-06-03 08:51:01
model3,2024-12-11,"AVG,VDS,HAG",3,0.0481474324566112,0.0047149715615825,0.3732137978076935,0.004,0.0441474324566112,0.2926851403677415,0.1894772549256538,0.1062493950902634,2026-06-03 08:51:01
model3,2024-12-12,"VOS,VDS",2,0.0055274565948086,-0.0089284567295064,0.3664582371711731,0.004,0.0015274565948086,0.2998304013718784,0.191294129803065,0.0963722952341572,2026-06-03 08:51:01
model3,2024-12-13,CSM,1,0.028591851322373,0.0073878195412821,0.355358362197876,0.004,0.024591851322373,0.3369949589522036,0.2205902579243979,0.1044720959014084,2026-06-03 08:51:01
model3,2024-12-16,,0,0.0,0.0164116034453023,0.0,0.0,0.0,0.3369949589522036,0.2205902579243979,0.1225982539557444,2026-06-03 08:51:01
model3,2024-12-17,CSM,1,0.1225806451612903,0.0155234338112068,0.3622026741504669,0.004,0.1185806451612903,0.5008846635979576,0.3653286381866587,0.1400248336476028,2026-06-03 08:51:01
model3,2024-12-18,NHA,1,-0.0306034482758621,0.0139841528435954,0.3675318956375122,0.004,-0.0346034482758621,0.4549524174275028,0.3180835592756132,0.1559671151668256,2026-06-03 08:51:01
model3,2024-12-19,CSM,1,0.0862800565770862,0.0192823591655935,0.3550456166267395,0.004,0.0822800565770862,0.5804857943201163,0.426535549106138,0.1782568882650872,2026-06-03 08:51:01
model3,2024-12-20,VOS,1,0.0331632653061224,0.0115697397344282,0.3689475357532501,0.004,0.0291632653061224,0.6328998640297119,0.4681379837933355,0.1918890138026117,2026-06-03 08:51:01
model3,2024-12-23,"CSM,TTN",2,0.0099761121553884,-0.0015693537694473,0.3959370851516723,0.004,0.0059761121553884,0.649189856211791,0.4769117410440704,0.1900185182860376,2026-06-03 08:51:01
model3,2024-12-24,"GEE,TTN",2,0.0224061152214313,-0.0064871579895323,0.3739672303199768,0.004,0.0184061152214313,0.686141794152088,0.5040959487216126,0.1822986801474468,2026-06-03 08:51:01
model3,2024-12-25,,0,0.0,-0.0062626592447204,0.0,0.0,0.0,0.686141794152088,0.5040959487216126,0.1748943463882006,2026-06-03 08:51:01
model3,2024-12-26,"SBB,FCN",2,-0.045038588230827,-0.0209045139101675,0.4248102903366089,0.004,-0.049038588230827,0.6102003481864842,0.4303372068325981,0.1503337511811513,2026-06-03 08:51:01
model3,2024-12-27,TTN,1,0.0775119617224882,-0.0296998204450752,0.3580135405063629,0.004,0.0735119617224882,0.735010135940652,0.5354841008315268,0.1161690453191612,2026-06-03 08:51:01
model3,2024-12-30,TTN,1,0.078125,-0.0302687500058361,0.3606719672679901,0.004,0.074125,0.8705578028110155,0.6493018598056637,0.0823840035221428,2026-06-03 08:51:01
model3,2024-12-31,TTN,1,0.046973803071364,-0.0222717815631114,0.3619292080402374,0.004,0.042973803071364,0.9584250166738636,0.7201786331341866,0.0582773834282916,2026-06-03 08:51:01
model3,2025-01-02,CSV,1,-0.0632437197003086,-0.0326692085453449,0.3512773215770721,0.004,-0.0672437197003086,0.8345669338652695,0.6045074232932512,0.0237042988902509,2026-06-03 08:51:01
model3,2025-01-03,TTN,1,0.0132723112128145,-0.0370469199554376,0.3728534281253814,0.004,0.0092723112128145,0.8589158771522682,0.6193849154652975,-0.0142207923287736,2026-06-03 08:51:01
model3,2025-01-06,L14,1,-0.0059347181008903,-0.0166234786997055,0.355390340089798,0.004,-0.0099347181008903,0.8478837354481004,0.6032967828333158,-0.0306078719901089,2026-06-03 08:51:01
model3,2025-01-07,SBB,1,0.0,-0.0144700790058391,0.3503505885601043,0.004,-0.004,0.8478837354481004,0.5968835957019825,-0.0446350526700505,2026-06-03 08:51:01
model3,2025-01-08,SBB,1,-0.0074074074074074,-0.0125272095974555,0.3638328909873962,0.004,-0.0114074074074074,0.8341957077781144,0.5786672939436042,-0.0566031096073147,2026-06-03 08:51:01
model3,2025-01-09,HDB,1,-0.0290191526407428,-0.007026220536683,0.3510862588882446,0.004,-0.0330191526407428,0.780968902561106,0.5265410375959318,-0.0632316242128346,2026-06-03 08:51:01
model3,2025-01-10,"HDB,FCN",2,0.0631073519562729,0.0231811300882314,0.3582197427749634,0.004,0.0591073519562729,0.893361133918207,0.6167708359808088,-0.0415162746311711,2026-06-03 08:51:01
model3,2025-01-13,,0,0.0,0.0229870165175091,0.0,0.0,0.0,0.893361133918207,0.6167708359808088,-0.0194835934043543,2026-06-03 08:51:01
model3,2025-01-14,,0,0.0,0.0223544777906843,0.0,0.0,0.0,0.893361133918207,0.6167708359808088,0.0024353388302895,2026-06-03 08:51:01
model3,2025-01-15,"FCN,CTI",2,0.006989287216408,0.0068821250036826,0.3952305316925049,0.004,0.002989287216408,0.9065943786875456,0.6216038283726677,0.0093342241402285,2026-06-03 08:51:01
model3,2025-01-16,FCN,1,-0.0326231691078562,0.0123894810770606,0.3612953722476959,0.004,-0.0366231691078562,0.8443952278515339,0.5622155571402283,0.0218393514106436,2026-06-03 08:51:01
model3,2025-01-17,"CTI,TRC,FCN",3,0.0232849171640229,0.0051307715728422,0.3835911452770233,0.004,0.0192849171640229,0.8873418179497758,0.5923427547520257,0.0270821757068731,2026-06-03 08:51:01
model3,2025-01-20,"TRC,FCN",2,0.0116793227319117,-0.0015940725777139,0.3979407548904419,0.004,0.0076793227319117,0.9093846921470444,0.604570868665588,0.0254449321755199,2026-06-03 08:51:01
model3,2025-01-21,"TRC,CTP,FCN",3,0.0287326585627152,0.0148913480794509,0.3915737569332123,0.004,0.0247326585627152,0.9642463905713808,0.6442561720999733,0.0407151895968547,2026-06-03 08:51:01
model3,2025-01-22,"FCN,CTI,TRC",3,0.0233323160915536,0.0288326947133275,0.367897629737854,0.004,0.0193323160915536,1.0100768082378857,0.6760434521544982,0.0707218129420235,2026-06-03 08:51:01
model3,2025-01-23,FCN,1,-0.0061940812112869,0.0168263991517618,0.3866351544857025,0.004,-0.0101940812112869,0.9976262292467356,0.6589577290895896,0.088738205547084,2026-06-03 08:51:01
model3,2025-01-24,"TDC,L14",2,0.0130179762005231,0.013804037799234,0.3913933634757995,0.004,0.0090179762005231,1.0236312799566103,0.6739181704081934,0.1037671888899263,2026-06-03 08:51:01
model3,2025-02-03,TTN,1,-0.0313376987839101,0.0145645750103744,0.4501144289970398,0.004,-0.0353376987839101,0.9602153324556316,0.6147657543133946,0.1198430889065038,2026-06-03 08:51:01
model3,2025-02-04,"GEE,VPG",2,0.0593687551428234,-0.0013258414409511,0.4068999290466308,0.004,0.0553687551428234,1.076590876555398,0.7041733239769896,0.1183583545318689,2026-06-03 08:51:01
model3,2025-02-05,"NHA,CTI",2,-0.0045294455891513,-0.0015283104485412,0.3656630516052246,0.004,-0.0085294455891513,1.0671850711691122,0.6896376703356448,0.1166491557734243,2026-06-03 08:51:01
model3,2025-02-06,CSM,1,-0.0119122257053291,0.0046376776113244,0.4502811431884765,0.004,-0.0159122257053291,1.042560296026659,0.6627517743650375,0.121827814562859,2026-06-03 08:51:01
model3,2025-02-07,SHS,1,0.0069504778453519,0.0127069519319916,0.3670047521591186,0.004,0.0029504778453519,1.0567570661119876,0.6676576866376212,0.1360828266784803,2026-06-03 08:51:01
model3,2025-02-10,"AVG,SHS,TDC,CSM",4,-0.0015945769789717,0.0180169354667188,0.3728430867195129,0.004,-0.0055945769789717,1.053477408643028,0.658327847335153,0.1565515576515941,2026-06-03 08:51:01
model3,2025-02-11,"VPG,SHS",2,0.0572614378138975,0.0115045343108555,0.3646954894065857,0.004,0.0532614378138975,1.1710624775802845,0.746652772851049,0.1698571447288703,2026-06-03 08:51:01
model3,2025-02-12,"GEE,CTI,TDC",3,0.0732992633354128,0.0250203540471868,0.3895027637481689,0.004,0.0692992633354128,1.3301997578420752,0.867694523312383,0.199127384674618,2026-06-03 08:51:01
model3,2025-02-13,"TRC,GEE,CTI,CSM,VPG",5,0.0356160462469778,0.0214253323187584,0.3782210350036621,0.004,0.0316160462469778,1.4131922601820754,0.9267436397366546,0.2248190873837954,2026-06-03 08:51:01
model3,2025-02-14,"SHS,CTI,VPG",3,0.0140221336226697,0.0172746937331521,0.373575359582901,0.004,0.0100221336226697,1.4470303645115412,0.9460537219507246,0.2459774619968693,2026-06-03 08:51:01
model3,2025-02-17,"GEE,VPG,CTI,CSM",4,0.0208793371040408,0.0191873292955899,0.3821593523025512,0.004,0.0168793371040408,1.498122736396002,0.9789018187461044,0.2698844418550867,2026-06-03 08:51:01
model3,2025-02-18,"TDC,VPG",2,-0.0359235097565561,0.0153329639225163,0.4029178023338318,0.004,-0.0399235097565561,1.4083813999020052,0.8998971126781274,0.2893555341878155,2026-06-03 08:51:01
model3,2025-02-19,"MCO,VPG,CTI",3,-0.0242913781880584,0.0088040603870995,0.3846277296543121,0.004,-0.0282913781880584,1.3498784964959,0.8461464049449501,0.3007070981712461,2026-06-03 08:51:01
model3,2025-02-20,"NVL,VPG,CSM",3,-0.0062829088759939,0.0124104664865856,0.3855574131011963,0.004,-0.0102829088759939,1.3351144240327582,0.8271626496911573,0.3168494800219643,2026-06-03 08:51:01
model3,2025-02-21,"THG,CTI,CLX,NVL",4,0.0213039656031949,0.0090685885363954,0.3541505038738251,0.004,0.0173039656031949,1.3848616214018763,0.8587798093328558,0.3287914461206498,2026-06-03 08:51:01
model3,2025-02-24,"GEE,DRI,VPG,NVL",4,0.0237910161488138,0.0005605850833507,0.3881086409091949,0.004,0.0197910161488138,1.4415999027493345,0.8955669505564512,0.3295363467842291,2026-06-03 08:51:01
model3,2025-02-25,"DRI,TDC",2,-0.0687882156753752,-0.0019744522335899,0.3838196396827698,0.004,-0.0727882156753752,1.2736466020460382,0.757592014532235,0.3269112407746819,2026-06-03 08:51:01
model3,2025-02-26,DRI,1,-0.0360531309297912,-0.0117863907815209,0.3756642043590545,0.004,-0.0400531309297912,1.1916745234143975,0.6871949514530198,0.3112717463585186,2026-06-03 08:51:01
model3,2025-02-27,,0,0.0,0.0006412928840257,0.0,0.0,0.0,1.1916745234143975,0.6871949514530198,0.3121126555984823,2026-06-03 08:51:01
model3,2025-02-28,"DRI,LBM,CTP,NVL",4,-0.0181745618603299,-0.0009487928961432,0.3756184875965118,0.004,-0.0221745618603299,1.1518417992108936,0.6497821426315884,0.3108677324319109,2026-06-03 08:51:01
model3,2025-03-03,"DRI,NVL",2,-0.0061568373298768,-0.0018932481489649,0.3704840838909149,0.004,-0.0101568373298768,1.1385932592935228,0.6330255737791437,0.3083859345239463,2026-06-03 08:51:01
model3,2025-03-04,,0,0.0,0.0075076020123541,0.0,0.0,0.0,1.1385932592935228,0.6330255737791437,0.3182087753989142,2026-06-03 08:51:01
model3,2025-03-05,"GEE,DRI",2,0.0939007057884327,0.0157860856423331,0.3757226169109344,0.004,0.0899007057884327,1.3394086757355694,0.7798357254324491,0.3390181320218366,2026-06-03 08:51:01
model3,2025-03-06,"GEE,DRI",2,0.0078061363019277,-0.0071216525403187,0.4313598275184631,0.004,0.0038061363019277,1.3576704187242736,0.7866100227984854,0.3294821101403904,2026-06-03 08:51:01
model3,2025-03-07,"DRI,NVL",2,0.0190569928758904,-0.0156591099963707,0.3785846829414367,0.004,0.0150569928758904,1.4026005270975994,0.8135109971837569,0.3086636035394952,2026-06-03 08:51:01
model3,2025-03-10,"BCM,GEE,TDC,DRI",4,-0.0099996504890064,-0.006473932407921,0.3727268576622009,0.004,-0.0139996504890064,1.378575361561921,0.7881224770652147,0.300191403825474,2026-06-03 08:51:01
model3,2025-03-11,"GEE,DRI,NVL,CTI",4,-0.0348028956936546,-0.01524344656545,0.3649339079856872,0.004,-0.0388028956936546,1.2957940513539845,0.7187381471001739,0.2803720056364029,2026-06-03 08:51:01
model3,2025-03-12,GEE,1,-0.0689329556185081,-0.0161515463911014,0.3802714943885803,0.004,-0.0729329556185081,1.1375381819027657,0.59338549409788,0.259692017789499,2026-06-03 08:51:01
model3,2025-03-13,NVL,1,0.0432692307692306,-0.0088077580625369,0.3583248853683471,0.004,0.0392692307692306,1.2300278147735575,0.6559565167699541,0.2485969552635001,2026-06-03 08:51:01
model3,2025-03-14,"NVL,GEE,TDC",3,-0.0253703472117714,-0.0083399218211771,0.3800206184387207,0.004,-0.0293703472117714,1.1734512348208446,0.6073204989048249,0.2381837542704428,2026-06-03 08:51:01
model3,2025-03-17,"NAB,GEE,DRI",3,-0.0356416412849868,-0.0149186622870431,0.3729324042797088,0.004,-0.0396416412849868,1.0959858655589485,0.5436036762572338,0.2197117089911788,2026-06-03 08:51:01
model3,2025-03-18,"GEE,NVL",2,-0.0115959058721667,-0.0051374532004052,0.362473726272583,0.004,-0.0155959058721667,1.0716810107525347,0.5195297786183954,0.2134454971682504,2026-06-03 08:51:01
model3,2025-03-19,,0,0.0,-0.0037832292631533,0.0,0.0,0.0,1.0716810107525347,0.5195297786183954,0.2088547546541219,2026-06-03 08:51:01
model3,2025-03-20,IJC,1,-0.0246389124893796,-0.0060967363720804,0.3507760763168335,0.004,-0.0286389124893796,1.0206370436226933,0.4760120982635367,0.2014846859028598,2026-06-03 08:51:01
model3,2025-03-21,,0,0.0,-0.009464168906216,0.0,0.0,0.0,1.0206370436226933,0.4760120982635367,0.1901136318972431,2026-06-03 08:51:01
model3,2025-03-24,GEE,1,0.0205546492659054,-0.0178226375916125,0.3506852388381958,0.004,0.0165546492659054,1.062170529348054,0.5004469608625228,0.1689026679431009,2026-06-03 08:51:01
model3,2025-03-25,DPR,1,-0.0692595673876871,-0.0219057979703567,0.3796574771404266,0.004,-0.0732595673876871,0.91934549060577,0.3905248656215645,0.1432969222521283,2026-06-03 08:51:01
model3,2025-03-26,,0,0.0,-0.0174246681220761,0.0,0.0,0.0,0.91934549060577,0.3905248656215645,0.1233753528168939,2026-06-03 08:51:01
model3,2025-03-27,,0,0.0,-0.0870101475564059,0.0,0.0,0.0,0.91934549060577,0.3905248656215645,0.0256302976070663,2026-06-03 08:51:01
model3,2025-03-28,AVG,1,-0.0776699029126214,-0.0995502376490441,0.3667545318603515,0.004,-0.0816699029126214,0.7702701126946421,0.2769608348486654,-0.0764714422597769,2026-06-03 08:51:01
model3,2025-03-31,,0,0.0,-0.1433650701592946,0.0,0.0,0.0,0.7702701126946421,0.2769608348486654,-0.2088731787343163,2026-06-03 08:51:01
model3,2025-04-01,,0,0.0,-0.1399862640012714,0.0,0.0,0.0,0.7702701126946421,0.2769608348486654,-0.319620066794501,2026-06-03 08:51:01
model3,2025-04-02,HMS,1,-0.088781480539303,-0.1270975419815223,0.435213953256607,0.004,-0.092781480539303,0.6131029111351329,0.1584825180007019,-0.4060946839184723,2026-06-03 08:51:01
model3,2025-04-03,"POS,BCA,SAS,TCW,LAI",5,-0.005538361511084,-0.0253499035280713,0.5090481042861938,0.004,-0.009538361511084,0.6041689640586845,0.1474324929397403,-0.4211501263859478,2026-06-03 08:51:01
model3,2025-04-04,"CTR,CSC,CSM,LBM",4,0.0044639993248628,0.0120852088871889,0.3864065110683441,0.004,0.0004639993248628,0.6113299732312085,0.1479649008417902,-0.4141546047489991,2026-06-03 08:51:01
model3,2025-04-08,"DVN,TTN,VLC,GDA,LAI",5,0.1174044886150201,0.0781530463986786,0.4635712504386902,0.004,0.1134044886150201,0.8005073447284725,0.2781492733697457,-0.3683690023914955,2026-06-03 08:51:01
model3,2025-04-09,"LAI,ACV,TTN,BVS,L14",5,0.1156471334853937,0.1004948868398039,0.4339427947998047,0.004,0.1116471334853937,1.008730857965718,0.4208509759079166,-0.3048933167623163,2026-06-03 08:51:01
model3,2025-04-10,"DPR,VHC,BCM,TRC,CTR",5,-0.049172812014838,0.0199855132327701,0.5146155953407288,0.004,-0.053172812014838,0.9099559130985652,0.3453003340648659,-0.2910012529462826,2026-06-03 08:51:01
model3,2025-04-11,"FRT,CTR,DGC,DBC,DGW",5,0.0327392356651791,0.0017879588264092,0.5134803652763367,0.004,0.0287392356651791,0.9724864098476018,0.3839632374060004,-0.2897335923785747,2026-06-03 08:51:01
model3,2025-04-14,"VHC,DGC,CSV,HDG,PVT",5,-0.0626511410902676,-0.0147259210430683,0.487644612789154,0.004,-0.0666511410902676,0.848907885485604,0.2917205084059096,-0.3001929194167516,2026-06-03 08:51:01
model3,2025-04-15,"GEE,BCM,HAG,AVG,TPB",5,-0.0126475955878516,-0.0143853026361539,0.4128613471984863,0.004,-0.0166475955878516,0.8255236462707922,0.2702164677694338,-0.3102598560578651,2026-06-03 08:51:01
model3,2025-04-16,"BCM,MSN,NLG,HAG,TPB",5,0.0102775041646056,0.0172841842536226,0.3903304636478424,0.004,0.0062775041646056,0.8442854731479266,0.2781902569358072,-0.298338260322849,2026-06-03 08:51:01
model3,2025-04-17,"GEE,DPR,VHC,VDS,CTR",5,0.019769069156113,0.027350633252407,0.4191125333309173,0.004,0.015769069156113,0.8807452802102025,0.2983461274920977,-0.2791473674136933,2026-06-03 08:51:01
model3,2025-04-18,"BCM,CSV,AVG,DRI,VHC",5,0.031726109643711,0.0120052405124428,0.4082232415676117,0.004,0.027726109643711,0.9404140111820436,0.3343442145784314,-0.270493358185467,2026-06-03 08:51:01
model3,2025-04-21,"BCM,POW,NVL,CTR,VCG",5,0.0165547447410843,0.0214441857584753,0.3976733088493347,0.004,0.0125547447410843,0.9725370698291858,0.3510965655892062,-0.2548496822463547,2026-06-03 08:51:01
model3,2025-04-22,"AVG,BCM,VDS,SHS,FCN",5,0.0625021343983376,0.0361255245623175,0.3987895250320434,0.004,0.0585021343983376,1.095824846873353,0.4301385984544383,-0.2279307361397267,2026-06-03 08:51:01
model3,2025-04-23,"BAF,CSV,VRE,CTR,APG",5,0.0642272436461552,0.0395299526080154,0.4281086921691894,0.004,0.0602272436461552,1.2304338999531534,0.5162719042713249,-0.1974108747292247,2026-06-03 08:51:01
model3,2025-04-24,"VHC,CSM,BCM,DCL,HAG",5,0.0644133574381793,0.0276303519724026,0.4202347695827484,0.004,0.0604133574381793,1.3741036359930685,0.6078749807975372,-0.1752350547087704,2026-06-03 08:51:01
model3,2025-04-25,"APG,GEE,TPB,PVT,FCN",5,0.0132577558422263,0.0306122094938314,0.4170191884040832,0.004,0.0092577558422263,1.4055789223432065,0.6227602947945854,-0.1499871774203468,2026-06-03 08:51:01
model3,2025-04-28,"HAG,DRI,TPB,SHS,NVL",5,0.0430897728123686,0.0338932060367373,0.4256993234157562,0.004,0.0390897728123686,1.509234771589198,0.6861936260470383,-0.121177517690786,2026-06-03 08:51:01
model3,2025-04-29,"DRI,DBC,HDG,TPB,DCL",5,0.0433849864192303,0.0303983128329844,0.4309588372707367,0.004,0.0393849864192303,1.618097888077256,0.7526043391090937,-0.0944627969488904,2026-06-03 08:51:01
model3,2025-05-05,"DRI,CSV,HDG,CSM,VOS",5,0.0426979365465405,0.0241919656431818,0.4337790012359619,0.004,0.0386979365465405,1.7298852655750103,0.820426510615129,-0.072556072044055,2026-06-03 08:51:01
model3,2025-05-06,"NVL,DRI,TPB,DGW,HDG",5,0.0285193724021994,0.0256928888288708,0.4398800730705261,0.004,0.0245193724021994,1.8077398800792213,0.8650622261597378,-0.0487273583080717,2026-06-03 08:51:01
model3,2025-05-07,"NLG,CSM,DRI,TPB,PVT",5,0.0472697352317066,0.0244924167596112,0.4265170097351074,0.004,0.0432697352317066,1.9404610008100696,0.945762974876327,-0.0254283923157366,2026-06-03 08:51:01
model3,2025-05-08,"SHS,IJC,VOS,CSV,PVT",5,0.0167233198793056,0.0156144343948858,0.3982560634613037,0.004,0.0127233198793056,1.98963527071924,0.9705195396149882,-0.0102110078844323,2026-06-03 08:51:01
model3,2025-05-09,"HAG,CSM,DBC,GEE,TDC",5,0.0384216329708734,0.0109850182763603,0.3871617913246155,0.004,0.0344216329708734,2.104501939807592,1.0383480399695495,0.0006618422836974,2026-06-03 08:51:01
model3,2025-05-12,"SHS,VOS,NVL,HAG,DRI",5,-0.014397582238805,-0.0038855283957849,0.3917418122291565,0.004,-0.018397582238805,2.059804617818682,1.0008473642729028,-0.0032262577190742,2026-06-03 08:51:01
model3,2025-05-13,"CSV,CSM,VDS,GEE,VOS",5,0.0198146244267121,-0.0011856831609502,0.3840479254722595,0.004,0.0158146244267121,2.1204334971398797,1.0324900138740554,-0.004408115560574,2026-06-03 08:51:01
model3,2025-05-14,"NVL,CSM,VDS,GEE,TTN",5,0.0075992300396204,-0.001375207951116,0.3764128386974334,0.004,0.0035992300396204,2.144146389107983,1.0398054129872198,-0.0057772614361217,2026-06-03 08:51:01
model3,2025-05-15,"CSM,CSV,NVL,VDS,GEE",5,0.0048458127412402,-0.0105284475712723,0.3745061457157135,0.004,0.0008458127412402,2.159382333740647,1.0415307063951755,-0.0162448834132583,2026-06-03 08:51:01
model3,2025-05-16,"GEE,NVL,CSM,VDS,APG",5,0.0168771278093863,-0.0025945777093234,0.395239919424057,0.004,0.0128771278093863,2.2127036331859053,1.0678197582282132,-0.0187973125101872,2026-06-03 08:51:01
model3,2025-05-19,"GEE,NVL,ITD,CSM",4,0.0397224474374937,0.0170178146348537,0.393711507320404,0.004,0.0357224474374937,2.3403200843873777,1.1416873408517314,-0.0020993870552651,2026-06-03 08:51:01
model3,2025-05-20,"VHM,CSM,VDS,HAG,DCL",5,0.0601616671395151,0.0241747226059116,0.382438600063324,0.004,0.0561616671395151,2.5412793094437283,1.2619680724055595,0.0220245834509431,2026-06-03 08:51:01
model3,2025-05-21,"VHM,NVL,VCG,CSM,HAG",5,0.0489028120444962,0.0187615657150621,0.3972342312335968,0.004,0.0449028120444962,2.7144578259105185,1.3635367996114385,0.0411993648357671,2026-06-03 08:51:01
model3,2025-05-22,"NVL,NAG",2,0.068115606936416,0.0262880491289287,0.3511578738689422,0.004,0.064115606936416,2.9674703751621334,1.5150763960350797,0.0685704648915792,2026-06-03 08:51:01
model3,2025-05-23,"GEE,CSM,NAG,NVL",4,0.0246864256389366,0.0173088998826294,0.3917477130889892,0.004,0.0206864256389366,3.065413037553258,1.5671043368779043,0.0870662440859224,2026-06-03 08:51:01
model3,2025-05-26,"CTP,VHC,VOS,DPR,CSM",5,-0.0262443591145629,0.0084693147403938,0.3971392512321472,0.004,-0.0302443591145629,2.958718877846684,1.489463911428817,0.0962729502507437,2026-06-03 08:51:01
model3,2025-05-27,"CTP,GEE,SAV,NVL,NHA",5,-0.0008509059734131,0.0027656342080148,0.3770441114902496,0.004,-0.0048509059734131,2.9553503803064607,1.4773877560702706,0.0993048402232785,2026-06-03 08:51:01
model3,2025-05-28,"CSM,VNP,HAG,DCL,VHM",5,0.0200592079587679,0.0095647420765672,0.3683581948280334,0.004,0.0160592079587679,3.0346915761348203,1.5171726412395086,0.1098194074835361,2026-06-03 08:51:01
model3,2025-05-29,"NVL,NAG",2,-0.0040982566227013,0.0086227573013174,0.4027835726737976,0.004,-0.0080982566227013,3.018156374662368,1.4967879312271082,0.1193891108825584,2026-06-03 08:51:01
model3,2025-05-30,"NVL,PNC",2,0.0894829868668782,0.0095816675621908,0.3783609569072723,0.004,0.0854829868668782,3.377713008765344,1.7102208211615753,0.1301147252157715,2026-06-03 08:51:01
model3,2025-06-02,"NVL,MML",2,0.0525376685170499,-0.0079669771321239,0.3614720106124878,0.004,0.0485376685170499,3.6077078436826353,1.841768620987123,0.1211111270433009,2026-06-03 08:51:01
model3,2025-06-03,"APG,CSM,GEE",3,-0.0272306008399151,-0.0128559139097587,0.3734725415706634,0.004,-0.0312306008399151,3.4822371906043674,1.7530184795056778,0.1066982189107597,2026-06-03 08:51:01
model3,2025-06-04,"DBC,APG",2,-0.0054207337094414,-0.0136134006257252,0.3794533312320709,0.004,-0.0094207337094414,3.4579401763715465,1.7270830255130836,0.0916322926849508,2026-06-03 08:51:01
model3,2025-06-05,"NVL,VNP",2,-0.0046779392482517,-0.0066348969105961,0.3605408072471618,0.004,-0.0086779392482517,3.43708620305414,1.7034175646927423,0.0843894249587084,2026-06-03 08:51:01
model3,2025-06-06,,0,0.0,0.0005245537338639,0.0,0.0,0.0,3.43708620305414,1.7034175646927423,0.0849582454805331,2026-06-03 08:51:01
model3,2025-06-09,NVL,1,0.0347222222222223,0.0201331225087973,0.3558864593505859,0.004,0.0307222222222223,3.591151696215742,1.7864725598746918,0.1068018427537225,2026-06-03 08:51:01
model3,2025-06-10,"DGW,GEE",2,0.0525606469002695,0.0231889361723968,0.4065790176391601,0.004,0.0485606469002695,3.832465599386112,1.921785469952057,0.1324674000408299,2026-06-03 08:51:01
model3,2025-06-11,"CTI,CTR",2,0.0055703830001598,0.0133921266202321,0.3818311393260956,0.004,0.0015703830001598,3.859384283609789,1.9263737921841837,0.1476335468554617,2026-06-03 08:51:01
model3,2025-06-12,"CTI,NVL,DGW",3,0.044745144329046,0.0133773190366517,0.3610595166683197,0.004,0.040745144329046,4.076818134730208,2.045609314707466,0.1629858069489114,2026-06-03 08:51:01
model3,2025-06-13,OIL,1,0.0777385159010599,0.0204022921446921,0.3648280501365661,0.004,0.0737385159010599,4.471482442023722,2.270188025588439,0.1867133831424137,2026-06-03 08:51:01
model3,2025-06-16,"DCL,CTI",2,-0.0247548530596258,0.0046699404495277,0.3721267580986023,0.004,-0.0287548530596258,4.3360366981531016,2.1761542494352955,0.1922552639723462,2026-06-03 08:51:01
model3,2025-06-17,"CTI,NVL",2,-0.0015578202576935,-9.068582579134592e-06,0.3687149584293365,0.004,-0.0055578202576935,4.327724112088922,2.1585017550062244,0.1922444519070296,2026-06-03 08:51:01
model3,2025-06-18,"OIL,VOS",2,-0.0365612462202769,0.0022619117844643,0.3751885294914245,0.004,-0.0405612462202769,4.132935879033133,2.03038898763424,0.1949412036827602,2026-06-03 08:51:01
model3,2025-06-19,"DGW,OIL",2,0.0005316535491466,0.0069584066558599,0.4062979817390442,0.004,-0.0034683464508533,4.135664822610763,2.019878548744274,0.2032560905078275,2026-06-03 08:51:01
model3,2025-06-20,"ANV,OIL,CTI",3,0.0356912139761209,0.0069957775755501,0.389830082654953,0.004,0.0316912139761209,4.318962934704201,2.115582166014426,0.2116738024834461,2026-06-03 08:51:01
model3,2025-06-23,ANV,1,0.1977764774722059,0.0129510576395392,0.3503540754318237,0.004,0.1937764774722059,5.370928687735225,2.719308703419927,0.227366259739729,2026-06-03 08:51:01
model3,2025-06-24,DGW,1,0.0186046511627906,0.0057104082274438,0.3540244400501251,0.004,0.0146046511627906,5.489457593553555,2.773627909600106,0.2343750221274338,2026-06-03 08:51:01
model3,2025-06-25,"DGW,CTI",2,0.0091116173120729,0.0152622464543055,0.3609662055969238,0.004,0.0051116173120729,5.54858704770894,2.7929172513521405,0.2532143579321815,2026-06-03 08:51:01
model3,2025-06-26,"CTI,DGW",2,-0.026497338065661,0.0111883578605056,0.3628714382648468,0.004,-0.030497338065661,5.375066922853388,2.6772433716825765,0.2672357686446505,2026-06-03 08:51:01
model3,2025-06-27,CTI,1,0.0306748466257669,0.0149837874416271,0.363919734954834,0.004,0.0266748466257669,5.570621122940915,2.7753332746278274,0.2862237600404489,2026-06-03 08:51:01
model3,2025-06-30,"ANV,CTI,DCL,MPC",4,0.0336508636190952,0.0179770273677159,0.3914927244186401,0.004,0.0296508636190952,5.791728198241747,2.8872751666704497,0.3093462397757027,2026-06-03 08:51:01
model3,2025-07-01,"ANV,DCL,OIL,CTI",4,0.017793687874309,0.0258381247645284,0.3943654894828796,0.004,0.013793687874309,5.912578089928403,2.9408950270010545,0.3431772912789936,2026-06-03 08:51:01
model3,2025-07-02,"ANV,DGW,DCL",3,-0.011577665888707,0.0205381595485149,0.3736934959888458,0.004,-0.015577665888707,5.832546570373616,2.879505080967965,0.3707636807892238,2026-06-03 08:51:01
model3,2025-07-03,DCL,1,-0.0043478260869566,0.0252138956079975,0.3778680562973022,0.004,-0.0083478260869566,5.802839846154599,2.84711964724858,0.4053259731398777,2026-06-03 08:51:01
model3,2025-07-04,CTI,1,-0.0317460317460317,0.0212532717601647,0.3629464507102966,0.004,-0.0357460317460317,5.586876676435406,2.70960038620725,0.4351937479586376,2026-06-03 08:51:01
model3,2025-07-07,"DGW,CTI",2,-0.0194487938158667,0.0178848697366848,0.3652014434337616,0.004,-0.0234487938158667,5.458769870064872,2.622614731611817,0.4608620011877824,2026-06-03 08:51:01
model3,2025-07-08,"ANV,MPC",2,-0.044250199794497,0.0116793621349213,0.3700777888298034,0.004,-0.048250199794497,5.172968012887823,2.4478228470330583,0.4779239375288004,2026-06-03 08:51:01
model3,2025-07-09,MPC,1,-0.0209689081706435,0.0167300916961281,0.3667159676551819,0.004,-0.0249689081706435,5.043527613485258,2.361734474976843,0.5026497405235602,2026-06-03 08:51:01
model3,2025-07-10,NHH,1,0.0044247787610618,0.0223749122851016,0.3681826591491699,0.004,0.0004247787610618,5.070268886111299,2.3631624683821424,0.5362713966630055,2026-06-03 08:51:01
model3,2025-07-11,VCI,1,0.0161290322580645,0.0236321258774598,0.3780251741409302,0.004,0.0121290322580645,5.168176448790513,2.403954374450261,0.5725767556908867,2026-06-03 08:51:01
model3,2025-07-14,"ANV,CSM",2,-0.0009292803502019,0.014227287773039,0.3609630465507507,0.004,-0.0049292803502019,5.162444483620074,2.3871753290393,0.5949502577392933,2026-06-03 08:51:01
model3,2025-07-15,"GEE,ANV",2,0.1112382188157674,0.0254042335504283,0.3768445253372192,0.004,0.1072382188157674,5.847943831529022,2.7504099781421854,0.6354687465882183,2026-06-03 08:51:01
model3,2025-07-16,"GEE,ANV,SHS,FCN",4,0.044442095180491,0.0281913677366681,0.400601327419281,0.004,0.040442095180491,6.152280803080492,2.9020844154440755,0.6815748474451144,2026-06-03 08:51:01
model3,2025-07-17,"GEE,VHM,VCA,HDG,NVL",5,-0.0251567726518141,0.0165378185317785,0.411247193813324,0.004,-0.0291567726518141,5.972352500975461,2.7883122272747856,0.7093844271197651,2026-06-03 08:51:01
model3,2025-07-18,"HAG,GEE,DHA",3,-0.0204759687873865,0.0222752443125145,0.3997242748737335,0.004,-0.0244759687873865,5.829586828790831,2.695589615443133,0.7474613828578656,2026-06-03 08:51:01
model3,2025-07-21,ANV,1,0.0664893617021276,0.0392989910038856,0.3691388368606567,0.004,0.0624893617021276,6.283681697726391,2.926524651625185,0.8161348520224345,2026-06-03 08:51:01
model3,2025-07-22,VJC,1,0.1632251720747295,-0.003311200520285,0.4353260397911072,0.004,0.1592251720747295,7.472561896175339,3.551726214935873,0.8101212653555099,2026-06-03 08:51:01
model3,2025-07-23,"VJC,VDS,CSV,PC1",4,0.0042724456859693,-0.0018746134851388,0.4070819616317749,0.004,0.0002724456859693,7.508760456697761,3.552966313106846,0.8067279876217379,2026-06-03 08:51:01
model3,2025-07-24,GEE,1,0.0183862634857923,0.0028286412095182,0.3653903007507324,0.004,0.0143862634857923,7.665204768392096,3.6184664861291376,0.8118385728619146,2026-06-03 08:51:01
model3,2025-07-25,"VJC,SHS,VDS,ANV",4,0.0112030623034612,-0.0090448104829173,0.3744601309299469,0.004,0.0072030623034612,7.762281597284643,3.6517335879751736,0.795450836344739,2026-06-03 08:51:01
model3,2025-07-28,"NHA,SHS,BVS,AGG,VJC",5,0.0312861619484707,-0.0075035879417239,0.4045277535915375,0.004,0.0272861619484707,8.036419758375395,3.7786615439978055,0.7819785130991843,2026-06-03 08:51:01
model3,2025-07-29,HAG,1,0.1203007518796992,0.0319754012006565,0.3829468488693237,0.004,0.1163007518796992,9.123507849608526,4.334423474543355,0.8389579909864802,2026-06-03 08:51:01
model3,2025-07-30,"AGG,SHS,NHH",3,0.0650619009860316,0.0428948560097183,0.3974989354610443,0.004,0.0610619009860315,9.78216251495107,4.660153512563484,0.917839829217766,2026-06-03 08:51:01
model3,2025-07-31,"PC1,NAF,AGG,NHH",4,0.0198491252973446,0.0341877341866498,0.4146304130554199,0.004,0.0158491252973446,9.996179009686667,4.7498619947863085,0.9834064275116328,2026-06-03 08:51:01
model3,2025-08-01,"PC1,FCN,NAF,NVL,VOS",5,0.0472281604959503,0.0433119593257331,0.3987407982349396,0.004,0.0432281604959503,10.51550831679835,4.998417951926497,1.0693116460264145,2026-06-03 08:51:01
model3,2025-08-04,"NVL,TPB,CTI,ANV,NAF",5,0.0599574400686151,0.0439738065606233,0.4090087413787842,0.004,0.0559574400686151,11.205948716562428,5.334074064977929,1.1603071560624247,2026-06-03 08:51:01
model3,2025-08-05,"HAG,MBB,TPB,NAG,NAF",5,0.0751695505547746,0.0452643955218574,0.383861631155014,0.004,0.0711695505547746,12.123464395681053,5.784867269363063,1.258092153623133,2026-06-03 08:51:01
model3,2025-08-06,"ANV,DGW,NAF,GEE,VCG",5,0.0332338558504722,0.0331247308807967,0.3904166221618652,0.004,0.0292338558504722,12.559607719665925,5.98321510108021,1.3328908485159383,2026-06-03 08:51:01
model3,2025-08-07,"VDS,ANV,TPB,FCN,HT1",5,0.0203239288862571,0.032010193736925,0.4381354451179504,0.004,0.0163239288862571,12.835192222685956,6.097208607787681,1.4075671365440328,2026-06-03 08:51:01
model3,2025-08-08,"HT1,HAG,TDC,NAF,PC1",5,0.0019846372314371,0.0055041363529297,0.417706549167633,0.004,-0.0020153627685628,12.862650060275188,6.082905157798821,1.420818714342404,2026-06-03 08:51:01
model3,2025-08-11,"GEE,MSN,TPB,PC1,BMS",5,0.0352906132206041,0.0120594828190492,0.3971046507358551,0.004,0.0312906132206041,13.351871481764944,6.304533603569726,1.450012536036049,2026-06-03 08:51:01
model3,2025-08-12,"VOS,VDS,HT1,HAG,DHA",5,0.0181969366720571,0.0159456251103127,0.3908905982971191,0.004,0.0141969366720571,13.613031578244122,6.408235604558518,1.489079517451246,2026-06-03 08:51:01
model3,2025-08-13,"EVG,HDG,NLG,VDS,AFX",5,-0.009915984926591,-0.0029544550431565,0.4280703961849212,0.004,-0.013915984926591,13.468128977382454,6.305142709552847,1.4817256439180944,2026-06-03 08:51:01
model3,2025-08-14,"HDG,MBB,HDB,VJC,EVG",5,-0.0016228006153135,-0.0121888480533564,0.4366149306297302,0.004,-0.0056228006153135,13.444650088775523,6.26406734863062,1.4514762671342587,2026-06-03 08:51:01
model3,2025-08-15,"DSC,NAG,CRE,FCN,MBB",5,-0.0075082612985654,-0.0174960262911535,0.3892270028591156,0.004,-0.0115082612985655,13.336195881542649,6.180470563492201,1.4085851739123387,2026-06-03 08:51:01
model3,2025-08-18,"PC1,HDG,TCI,CRE,NHA",5,-0.1058757951574397,-0.0464835891749474,0.4270162582397461,0.004,-0.1098757951574397,11.818339743051508,5.391510650723906,1.2966254901953285,2026-06-03 08:51:01
model3,2025-08-19,"VDS,SAM,DSC,EVG,HDB",5,-0.0371029079781437,-0.0310222525611715,0.4451048970222473,0.004,-0.0411029079781437,11.342742063132484,5.128800976605875,1.2253789942000646,2026-06-03 08:51:01
model3,2025-08-20,"FCN,MSB,AGG,CSM",4,0.0054110087133533,-0.020628051268635,0.3603472709655761,0.004,0.0014110087133533,11.409528747982767,5.137448768186276,1.179473762215562,2026-06-03 08:51:01
model3,2025-08-21,"TPB,SSB,MSB,STB,MBB",5,-0.0415477725694251,-0.0094681157756724,0.4271204471588135,0.004,-0.0455477725694251,10.893940469867838,4.857901647536429,1.1588382523048644,2026-06-03 08:51:01
model3,2025-08-22,"TDC,NVL,NAG,MSB,LDP",5,0.007697687395051,0.0192139196795709,0.3801632821559906,0.004,0.003697687395051,10.985496305500227,4.879562336619974,1.2003179970858353,2026-06-03 08:51:01
model3,2025-08-25,"HAG,NAG,VOS,PC1,HDG",5,0.0363343081880942,0.0504282780396418,0.4178745150566101,0.004,0.0323343081880942,11.42098102205154,5.069673917223355,1.3112762448185076,2026-06-03 08:51:01
model3,2025-08-26,"NAF,ANV,MSB,TCI,EVG",5,0.0441628274641019,0.0243222506593604,0.4056394696235657,0.004,0.0401628274641018,11.969526663863284,5.313449183524156,1.3674916849880083,2026-06-03 08:51:01
model3,2025-08-27,"CSM,IJC,PC1,HDB,TCI",5,0.0487426394704694,0.012306554266785,0.392094224691391,0.004,0.0447426394704694,12.601695626142613,5.595929564157706,1.3966273498854758,2026-06-03 08:51:01
model3,2025-08-28,"TCI,DSC,EVG,MSB,VDS",5,0.003356133602003,-0.0270093012376109,0.4050065577030182,0.004,-0.0006438663979969,12.647344733877723,5.591682666747791,1.3318961198381216,2026-06-03 08:51:01
model3,2025-08-29,"TCI,SHS,MSB,EVG,RYG",5,-0.0309678962534793,-0.0272142093671994,0.4218563437461853,0.004,-0.0349678962534793,12.224715178023532,5.361185391121095,1.2684354106102869,2026-06-03 08:51:01
model3,2025-09-03,"L14,MSB,CRE,EVG,IJC",5,-0.0653220423141057,-0.0359806660851306,0.394428551197052,0.004,-0.0693220423141057,11.36084977357268,4.920215028269928,1.186815593565432,2026-06-03 08:51:01
model3,2025-09-04,"TCI,SSB,VDS,ACB,EVG",5,-0.0531602658004825,-0.0317832201935717,0.3889724314212799,0.004,-0.0571602658004825,10.703743714089724,4.581813963658007,1.117311552032406,2026-06-03 08:51:01
model3,2025-09-05,"EVG,TCI,HAG,ACB,TPB",5,-0.0651634057997034,-0.0062111233489798,0.384458065032959,0.004,-0.0691634057997034,9.941087913072767,4.195756699391078,1.104160668814513,2026-06-03 08:51:01
model3,2025-09-08,"SHS,MSB,HDG,L14,POW",5,0.0402223813725132,0.0374006742437568,0.3954019248485565,0.004,0.0362223813725132,10.381164523742576,4.383959380075212,1.18285769654537,2026-06-03 08:51:01
model3,2025-09-09,"CTP,PC1,IJC,SSB,CSM",5,0.0675954928779644,0.0217973284489607,0.3719908595085144,0.004,0.0635954928779644,11.15047994925016,4.726354930486036,1.2304381627143113,2026-06-03 08:51:01
model3,2025-09-10,"CSM,RYG,NHA,PC1,VDS",5,-0.0089854213296123,0.01322132379252,0.3671642243862152,0.004,-0.0129854213296123,11.04130276754914,4.651995799030772,1.2599275078627508,2026-06-03 08:51:01
model3,2025-09-11,GEE,1,0.048172189955586,0.0048047194775282,0.3527590632438659,0.004,0.044172189955586,11.62135869178024,4.901656831093733,1.270785825577581,2026-06-03 08:51:01
model3,2025-09-12,"CSM,IJC,TDC,EVG,NHA",5,0.0061473938092664,-0.0111938202330386,0.4049489498138428,0.004,0.0021473938092664,11.69894715406662,4.914330012437239,1.2453670572583335,2026-06-03 08:51:01
model3,2025-09-15,"CSM,VHC,GEE,EVG,IJC",5,-0.0477456210392257,-0.038955657972287,0.4188458025455475,0.004,-0.0517456210392257,11.0926280356514,4.608289332912743,1.1578973061535374,2026-06-03 08:51:01
model3,2025-09-16,"IJC,PC1,TCI,NAG",4,-0.0417344511501983,-0.031331455537799,0.3647588789463043,0.004,-0.0457344511501983,10.587948841619989,4.3517972983804665,1.0902872426506516,2026-06-03 08:51:01
model3,2025-09-17,"CSM,FCN,EVG,DCL,PC1",5,0.0147319340181639,-0.0046947301830052,0.3619090914726257,0.004,0.0107319340181639,10.758661739360594,4.409232433865274,1.0804739080414287,2026-06-03 08:51:01
model3,2025-09-18,"IJC,HDG,EVG,TDC,SHS",5,0.017970144599508,0.0006414256999163,0.3682509064674377,0.004,0.013970144599508,10.969966591113606,4.48480019313872,1.0818083774740517,2026-06-03 08:51:01
model3,2025-09-19,"TDC,GEE,IJC,SHS,CRE",5,0.0023348620450821,-0.0058457247602476,0.3848518431186676,0.004,-0.0016651379549178,10.997914811788096,4.475667244161984,1.069638698695761,2026-06-03 08:51:01
model3,2025-09-22,"TCI,SHS,IJC,FCN,CSM",5,-0.0010913147624773,0.0047034817465388,0.3635226488113403,0.004,-0.0050913147624773,10.984821310235048,4.447788898687368,1.0793732065370063,2026-06-03 08:51:01
model3,2025-09-23,"IJC,DTL,MSB,SHS,TCI",5,0.0117229195764488,0.0035391051413739,0.3646054863929748,0.004,0.0077229195764488,11.125318406593042,4.489861734221401,1.086732326943097,2026-06-03 08:51:01
model3,2025-09-24,IJC,1,-0.0285714285714285,-0.0089626126439525,0.3683251440525055,0.004,-0.0325714285714285,10.77888073783324,4.31104909487819,1.0680297534050922,2026-06-03 08:51:01
model3,2025-09-25,"IJC,CSM",2,-0.0405192385774679,-0.0209001962304644,0.3710516095161438,0.004,-0.0445192385774679,10.301609459041432,4.074605233126663,1.0248075257484863,2026-06-03 08:51:01
model3,2025-09-26,IJC,1,-0.1091549295774647,-0.0252140094466485,0.352701872587204,0.004,-0.1131549295774647,9.067983074427756,3.5003886353387816,0.9737540096666192,2026-06-03 08:51:01
model3,2025-09-29,GEE,1,0.0023944926668664,0.0074255904594226,0.4253455102443695,0.004,-0.0016055073331335,9.092090786069608,3.4931632283827945,0.9884102986100468,2026-06-03 08:51:01
model3,2025-09-30,"GEE,VRE",2,0.0077535188896427,0.0015297764358785,0.4184176325798034,0.004,0.0037535188896427,9.170340002615388,3.510028401434777,0.991452121829719,2026-06-03 08:51:01
model3,2025-10-01,"CTP,TCI,IJC",3,-0.0546568627450979,0.008051846723835,0.4199407994747162,0.004,-0.0586568627450979,8.61446112502146,3.245484284515324,1.007486989072548,2026-06-03 08:51:01
model3,2025-10-02,HDG,1,0.0682119205298013,0.0254433856780644,0.3532512485980987,0.004,0.0642119205298012,9.270281983218288,3.5180949840031417,1.0585642547792171,2026-06-03 08:51:01
model3,2025-10-03,"ANV,IJC,HDG",3,0.0631263716462693,0.0317894484394693,0.3830535113811493,0.004,0.0591263716462693,9.91860762060291,3.785233547160456,1.1240048770158562,2026-06-03 08:51:01
model3,2025-10-06,"TCI,HDG,DCL,VCI,VDS",5,-0.0026596397204135,0.0023782066478369,0.3921654820442199,0.004,-0.0066596397204135,9.889568058083544,3.753365615758331,1.1290561995344133,2026-06-03 08:51:01
model3,2025-10-07,TCI,1,-0.0585774058577405,-0.0013933307150052,0.3630297780036926,0.004,-0.0625774058577405,9.251685410329696,3.455912326430793,1.1260897201376294,2026-06-03 08:51:01
model3,2025-10-08,"ANV,TCI,VRE,VMD",4,0.0455596279636575,-0.0043180323979059,0.3904751539230346,0.004,0.0415596279636575,9.718748383624776,3.641098384955933,1.1169091958452202,2026-06-03 08:51:01
model3,2025-10-09,"ANV,VHM,SHS",3,0.0063022858384914,-0.0055763404352757,0.3641592562198639,0.004,0.0023022858384914,9.786300999769246,3.651783520042663,1.1051045894986211,2026-06-03 08:51:01
model3,2025-10-10,ANV,1,-0.0258267716535433,-0.0201746243680692,0.3689583837985992,0.004,-0.0298267716535433,9.50772566686182,3.513035835208635,1.062634895149988,2026-06-03 08:51:01
model3,2025-10-13,"VRE,LDP,ANV,SHS,TCI",5,-0.0708523931441252,-0.0684764023218287,0.3964760601520538,0.004,-0.0748523931441252,8.76322815686271,3.175224302598073,0.9213930782266542,2026-06-03 08:51:01
model3,2025-10-14,"GEE,VJC,SHS",3,0.0902092388439893,-0.0416566997761238,0.4143829345703125,0.004,0.0862092388439893,9.6439615375535,3.5351672117279795,0.841354183615044,2026-06-03 08:51:01
model3,2025-10-15,"GEE,HDG,VJC",3,0.0302384630150895,-0.0268368718722263,0.4369077682495117,0.004,0.0262384630150895,9.96581857484085,3.654163028880151,0.791937997317979,2026-06-03 08:51:01
model3,2025-10-16,"GEE,NLG,SHS",3,-0.0388304652344346,-0.0329533797205049,0.4322086572647095,0.004,-0.0428304652344346,9.540010737903376,3.4548230610763087,0.7328875840567584,2026-06-03 08:51:01
model3,2025-10-17,SHS,1,-0.1569343065693429,-0.027855111854116,0.3661722540855407,0.004,-0.1609343065693429,7.88592146151708,2.7378892008528752,0.6846178065722484,2026-06-03 08:51:01
model3,2025-10-20,"SHS,BVS,IJC,DSC,MSB",5,-0.0266896991273053,0.011803974523464,0.382114976644516,0.004,-0.0306896991273053,7.648758891240323,2.6231745059074965,0.7045029922428008,2026-06-03 08:51:01
model3,2025-10-21,"SAV,HDB,FRT",3,0.0174468788349189,0.0104857678432936,0.41945481300354,0.004,0.0134468788349189,7.79965273968822,2.671894894486201,0.7223760149076581,2026-06-03 08:51:01
model3,2025-10-22,"HT1,DCL,ANV",3,-0.0563312734740012,0.0117632758877864,0.3941516876220703,0.004,-0.0603312734740012,7.303957094732599,2.450364799439165,0.742636799153523,2026-06-03 08:51:01
model3,2025-10-23,"NLG,SHS",2,0.0104277188328912,0.0097193507457684,0.3540651798248291,0.004,0.0064277188328912,7.390548424516863,2.472542774240865,0.7595740974269793,2026-06-03 08:51:01
model3,2025-10-24,"CTR,VCI,NVL",3,-0.0138218099096046,0.0130500610094341,0.3633934557437897,0.004,-0.0178218099096046,7.27457585915586,2.4106557770153736,0.7825366467490216,2026-06-03 08:51:01
model3,2025-10-27,"NAG,HDG",2,-0.0622986438900126,0.0027251596009512,0.3695094585418701,0.004,-0.0662986438900126,6.759081004365414,2.1845339242236173,0.787394343605957,2026-06-03 08:51:01
model3,2025-10-28,"VJC,GEE",2,-0.0184002895117777,0.0056250462366339,0.3735622763633728,0.004,-0.0224002895117777,6.616311667539755,2.1131994423609304,0.7974485194318384,2026-06-03 08:51:01
model3,2025-10-29,"CTP,HAG,GEE",3,-0.0492053234008892,-0.0146372318656092,0.3767799437046051,0.004,-0.0532053234008892,6.241548588816495,1.9475606592186487,0.7711388486864184,2026-06-03 08:51:01
model3,2025-10-30,"NVL,NLG",2,-0.0353056554429552,-0.017709100561819,0.3565920293331146,0.004,-0.0393056554429552,5.985880969466321,1.8317048555501916,0.7397735727060863,2026-06-03 08:51:01
model3,2025-10-31,"DCL,VRE,SHS",3,-0.0270276015938086,-0.0361108709588455,0.3876621425151825,0.004,-0.0310276015938086,5.7970693618418165,1.7438438454609266,0.6769488337244871,2026-06-03 08:51:01
model3,2025-11-03,"CTX,DCL,VRE,SHS,HDB",5,-0.0242625441122492,-0.0244470204089301,0.4114345014095306,0.004,-0.0282625441122492,5.632155166616111,1.6662958377414636,0.6359524313616931,2026-06-03 08:51:01
model3,2025-11-04,"VRE,VHM,VCI",3,-0.0739501687724922,-0.0279854704666541,0.4089899957180023,0.004,-0.0779501687724922,5.141706172719493,1.4584576271921228,0.5901695329089693,2026-06-03 08:51:01
model3,2025-11-05,"SHS,VRE,HAG",3,-0.009940904292578,-0.0059869781162995,0.3767565488815307,0.004,-0.013940904292578,5.080652059463352,1.4241845047040789,0.580649222714237,2026-06-03 08:51:01
model3,2025-11-06,VRE,1,-0.0015625,-0.0016449175517308,0.4150612950325012,0.004,-0.0055625,5.071151040620441,1.4106999783966625,0.5780491850646645,2026-06-03 08:51:01
model3,2025-11-07,"SHS,DCL,HAG",3,0.0698719734354888,0.0206828371988305,0.3752700388431549,0.004,0.0658719734354888,5.495354344853513,1.569497543334541,0.6106877194511042,2026-06-03 08:51:01
model3,2025-11-10,"GEE,STB,DCL,HDG",4,0.0567564623114917,0.0467773962797592,0.3716408014297485,0.004,0.0527564623114917,5.864007678926976,1.7050551436389405,0.6860314971868102,2026-06-03 08:51:01
model3,2025-11-11,"DCL,STB,SHS,AFX,GEE",5,0.0587401316425896,0.042562677317385,0.3672129213809967,0.004,0.0547401316425896,6.267200393582892,1.8531302183022,0.7577935117485199,2026-06-03 08:51:01
model3,2025-11-12,"NVL,GEE,SHS,HAG,STB",5,0.0521641908988103,0.0117618180422952,0.3872624635696411,0.004,0.0481641908988103,6.64628802221366,1.990548926795672,0.7784683591896331,2026-06-03 08:51:01
model3,2025-11-13,"DGC,GEE,NVL",3,0.0329749445234155,0.0048156998082142,0.3942840993404388,0.004,0.0289749445234155,6.898423945556211,2.0771999160441363,0.7870329289258977,2026-06-03 08:51:01
model3,2025-11-14,"NVL,HAG,SHS,STB,VRE",5,0.0237836763642621,0.0032363002048988,0.4034706056118011,0.004,0.0197836763642621,7.086277504465059,2.1380782432912886,0.7928163039599418,2026-06-03 08:51:01
model3,2025-11-17,"HAG,NVL,DGW,SHS,VRE",5,-0.0002386165261903,-0.0115550279272815,0.4099152684211731,0.004,-0.0042386165261903,7.084347985017132,2.124777132988796,0.772100261499199,2026-06-03 08:51:01
model3,2025-11-18,"ANV,NVL,VRE",3,-0.0186047492976098,-0.0220467766434818,0.388413667678833,0.004,-0.0226047492976098,6.933940717521251,2.0541423292866803,0.7330311628440704,2026-06-03 08:51:01
model3,2025-11-19,,0,0.0,0.0024564395483825,0.0,0.0,0.0,6.933940717521251,2.0541423292866803,0.7372882491310602,2026-06-03 08:51:01
model3,2025-11-20,"SHS,VRE,VJC",3,0.0284047141583905,0.0030604457001133,0.373449295759201,0.004,0.0244047141583905,7.159302035752058,2.1286777998319626,0.7426051254829706,2026-06-03 08:51:01
model3,2025-11-21,"NVL,SHS,HAG",3,-0.0297369089503921,0.0047492514979395,0.373803049325943,0.004,-0.0337369089503921,6.91666961401615,2.0231258817639186,0.7508811954854877,2026-06-03 08:51:01
model3,2025-11-24,"VRE,NVL,HAG,SHS",4,-0.0326151175940599,-0.0037649391826905,0.3942754566669464,0.004,-0.0366151175940599,6.658466503601693,1.9124337721014868,0.7442892342683682,2026-06-03 08:51:01
model3,2025-11-25,"VJC,NVL",2,-0.0174443579348672,0.0133440443004961,0.3883059620857239,0.004,-0.0214443579348672,6.524869472680673,1.849978499830947,0.7675651070833238,2026-06-03 08:51:01
model3,2025-11-26,"GEE,DCL,NVL",3,0.0759666863086778,0.0028778240183436,0.4297319948673248,0.004,0.0719666863086778,7.096508871425552,2.055082008514757,0.7726518484024743,2026-06-03 08:51:01
model3,2025-11-27,"GEE,SHS,NVL,MSB",4,0.0178413308666554,0.0137844717321416,0.3890674114227295,0.004,0.0138413308666554,7.240961365065466,2.097368409419376,0.7970869176977067,2026-06-03 08:51:01
model3,2025-11-28,SHS,1,0.0285714285714286,0.0138486218149654,0.3684746026992798,0.004,0.0245714285714286,7.4764174040673375,2.1734751760508235,0.8219740947895244,2026-06-03 08:51:01
model3,2025-12-01,SHS,1,0.024390243902439,0.0112945683508077,0.377322256565094,0.004,0.020390243902439,7.683159291971419,2.2381831089088355,0.8425525057365257,2026-06-03 08:51:01
model3,2025-12-02,"PC1,HAG,NVL",3,-0.0205466096270694,-0.0023572882637396,0.3805617094039917,0.004,-0.0245466096270694,7.504749807669622,2.1586966922334803,0.8382090783394289,2026-06-03 08:51:01
model3,2025-12-03,FRT,1,-0.0354609929078014,-0.019231142218537,0.3749319612979889,0.004,-0.0394609929078014,7.203162935057224,2.0340513844633588,0.8028582181264774,2026-06-03 08:51:01
model3,2025-12-04,"NVL,HAG",2,-0.0202816251154201,-0.0340561228557738,0.3875409960746765,0.004,-0.0242816251154201,7.036789459647684,1.9603796861648983,0.7414598571584206,2026-06-03 08:51:01
model3,2025-12-05,"HID,NVL",2,-0.1457203615098351,-0.054729460687687,0.4224794507026672,0.004,-0.1497203615098351,5.865665594209391,1.5171505693459175,0.6461506983668837,2026-06-03 08:51:01
model3,2025-12-08,"FCN,NVL",2,-0.0735565476190475,-0.0489848845373351,0.3659396767616272,0.004,-0.0775565476190475,5.360650935992471,1.321929061350128,0.5655141964763282,2026-06-03 08:51:01
model3,2025-12-09,"BCP,AFX,DCL",3,0.007086132258546,-0.0170738322715512,0.3830921351909637,0.004,0.003086132258546,5.405723349775358,1.3290948415284165,0.538784869666959,2026-06-03 08:51:01
model3,2025-12-10,,0,0.0,-0.0218252215650639,0.0,0.0,0.0,5.405723349775358,1.3290948415284165,0.5052005489455096,2026-06-03 08:51:01
model3,2025-12-11,AFX,1,0.0205761316872428,-0.0105701818947471,0.386506974697113,0.004,0.0165761316872428,5.537528356972382,1.3677022243336694,0.4892903053550821,2026-06-03 08:51:01
model3,2025-12-12,"GEE,VOS,VNP",3,0.0260139795670382,0.0258139954647193,0.3793342113494873,0.004,0.0220139795670382,5.707595486069595,1.4198247727209816,0.5277348385431688,2026-06-03 08:51:01
model3,2025-12-15,"GEE,NVL",2,0.0949359564920205,0.0368632544912728,0.3699009418487549,0.004,0.0909359564920205,6.344387479301172,1.6398738529714505,0.5840521166915693,2026-06-03 08:51:01
model3,2025-12-16,"GEE,HDB",2,0.1542728190510125,0.0126840521999854,0.3696669340133667,0.004,0.1502728190510125,7.477426839935925,2.0365751387965285,0.6041443164271825,2026-06-03 08:51:01
model3,2025-12-17,"GEE,ITD,VJC",3,0.0919122013663146,0.0149703897744601,0.4127452373504638,0.004,0.0879122013663146,8.256605802716317,2.303527143862354,0.6281589820985825,2026-06-03 08:51:01
model3,2025-12-18,FCN,1,-0.087087087087087,0.0030810882375908,0.3544577956199646,0.004,-0.091087087087087,7.450474967044325,2.002618479214808,0.6331754835872543,2026-06-03 08:51:01
model3,2025-12-19,VHM,1,0.083743842364532,-0.0011124022857729,0.361613392829895,0.004,0.079743842364532,8.158150210589909,2.2420588139021445,0.6313587354462435,2026-06-03 08:51:01
model3,2025-12-22,"DCL,GEE,STB",3,0.0917828135991877,-0.0052264054748275,0.3985474109649658,0.004,0.0877828135991877,8.998711004281846,2.5266558584405203,0.6228325932198995,2026-06-03 08:51:01
model3,2025-12-23,"STB,VHM",2,0.0470284719631978,-0.0013454327214091,0.3980652391910553,0.004,0.0430284719631978,9.468935104414834,2.678402471169276,0.620649181147612,2026-06-03 08:51:01
model3,2025-12-24,,0,0.0,-0.0040062607038891,0.0,0.0,0.0,9.468935104414834,2.678402471169276,0.6141564380183904,2026-06-03 08:51:01
model3,2025-12-25,,0,0.0,0.0011946283408759,0.0,0.0,0.0,9.468935104414834,2.678402471169276,0.6160847550458544,2026-06-03 08:51:01
model3,2025-12-26,"DGC,FCN",2,0.010484622553588,0.0071996725469888,0.4037587642669678,0.004,0.006484622553588,9.578697937522634,2.7022555227949945,0.6277200360903654,2026-06-03 08:51:01
model3,2025-12-29,"GEE,DGC,NVL",3,-0.0116483281155907,0.014246584846251,0.4105433523654938,0.004,-0.0156483281155907,9.455473792910649,2.6443214136065407,0.6509094876904695,2026-06-03 08:51:01
model3,2025-12-30,DGC,1,-0.0368098159509203,0.0083794521977866,0.5355681777000427,0.004,-0.0408098159509203,9.070609726913936,2.49559732745126,0.6647432048254442,2026-06-03 08:51:01
model3,2025-12-31,"DGC,HDB",2,-0.0726387967263879,0.0058476316392817,0.3833117485046386,0.004,-0.0766387967263879,8.339092754049847,2.227698954435418,0.6744780098612608,2026-06-03 08:51:01
model3,2026-01-05,DGW,1,0.0479616306954435,0.0217638961525121,0.3578384518623352,0.004,0.0439616306954435,8.787010871750079,2.369593863866377,0.7109211753775466,2026-06-03 08:51:01
model3,2026-01-06,"VRE,PC1,DPR,HDB",4,-0.0233140549136394,0.0276113637833144,0.3975307047367096,0.004,-0.0273140549136394,8.558835962845711,2.277556592032069,0.758162042355472,2026-06-03 08:51:01
model3,2026-01-07,"DGC,POW,PVT,BCM,HDB",5,0.0232632907491004,0.0194469057872948,0.3917388319969177,0.004,0.0192632907491004,8.781205943072347,2.3406931176110133,0.7923528539519566,2026-06-03 08:51:01
model3,2026-01-08,"DGC,POW,GEE",3,0.0480784642522205,0.029010487108935,0.3726067245006561,0.004,0.0440784642522205,9.251471303349955,2.4879457397732696,0.8443498833161927,2026-06-03 08:51:01
model3,2026-01-09,"DGC,DCL,CTR,CTG,NVL",5,0.0248938994756547,0.0357232980724216,0.3978228867053985,0.004,0.0208938994756547,9.506670399453112,2.560822527436631,0.9102361439477328,2026-06-03 08:51:01
model3,2026-01-12,"DGC,VCI,CTR,VNP,VDS",5,0.0072543052758484,0.0167827105719529,0.3993361592292785,0.004,0.0032543052758484,9.582888993963463,2.5724105309740284,0.942295084275691,2026-06-03 08:51:01
model3,2026-01-13,"PVT,DGC,DRI,PC1",4,-0.0416628896645502,0.0115744088991347,0.3723366856575012,0.004,-0.0456628896645502,9.141975257475782,2.409283943061684,0.9647760017838772,2026-06-03 08:51:01
model3,2026-01-14,"CTR,BCM,DGC,CSV,DRI",5,-0.0093435970871084,-0.003134109249057,0.3992482423782348,0.004,-0.0133435970871084,9.047212727002504,2.363791831769921,0.9586181791443608,2026-06-03 08:51:01
model3,2026-01-15,"GEE,MIG,STB,HDB,PGV",5,-0.0127833436153597,-0.0016732530460897,0.3849762082099914,0.004,-0.0167833436153597,8.918775754336616,2.307336157606786,0.9553409153099808,2026-06-03 08:51:01
model3,2026-01-16,"DGW,PVT",2,-0.0209212747994934,-0.0144550538813356,0.3924639821052551,0.004,-0.0249212747994934,8.711262321105586,2.2249131243687668,0.9270763570227948,2026-06-03 08:51:01
model3,2026-01-19,,0,0.0,-0.0351788208958095,0.0,0.0,0.0,8.711262321105586,2.2249131243687668,0.8592840830065405,2026-06-03 08:51:01
model3,2026-01-20,"VNP,POW,PC1,CTR",4,-0.039392146009793,-0.0308110778529343,0.3569362759590149,0.004,-0.043392146009793,8.328714857813193,2.08497722320726,0.8019975363743044,2026-06-03 08:51:01
model3,2026-01-21,"DGC,STB,OIL,GEE,VRE",5,-0.0308217167042265,-0.0216943410953174,0.3933967649936676,0.004,-0.0348217167042265,8.041187851251166,1.977553020301745,0.7629043871672785,2026-06-03 08:51:01
model3,2026-01-22,"DGC,VOS,PVT,GEE,ACV",5,-0.0805712817623888,-0.0294046920781398,0.3955673277378082,0.004,-0.0845712817623888,7.312727757421323,1.7257375448593542,0.7110667264994228,2026-06-03 08:51:01
model3,2026-01-23,"MIG,VJC,DGW,PC1",4,0.0042147548081636,-0.0075717935229022,0.3606046140193939,0.004,0.0002147548081636,7.34776386670587,1.7263229101029052,0.6981108825424609,2026-06-03 08:51:01
model3,2026-01-26,"GEE,OIL,HT1,PVT",4,0.0234800597762476,0.0125890076840329,0.37302166223526,0.004,0.0194800597762476,7.543769861294125,1.7794318433610634,0.7194884134911279,2026-06-03 08:51:01
model3,2026-01-27,GEE,1,-0.0630122017847385,0.0270351988633357,0.413603276014328,0.004,-0.0670122017847385,7.005408110791892,1.593175995826824,0.7659751246930622,2026-06-03 08:51:01
model3,2026-01-28,"GEE,VOS,PVT",3,0.0741319061076427,0.0290041231922985,0.3829471170902252,0.004,0.0701319061076427,7.598864273214477,1.7750403712867435,0.8171956847641946,2026-06-03 08:51:01
model3,2026-01-29,"DGW,VVS,GEE,VHC",4,0.0501089446874303,0.0084112882979611,0.4194414019584656,0.004,0.0461089446874303,8.029744287455703,1.9029945542717903,0.832480641562557,2026-06-03 08:51:01
model3,2026-01-30,"NVL,VHM,GEE,VRE,VCG",5,-0.0699762771877761,-0.0272118051329799,0.389513611793518,0.004,-0.0739762771877761,7.397876398261964,1.6882418244503756,0.7826155354343987,2026-06-03 08:51:01
model3,2026-02-02,"DGW,VHC,GEE,PGV,VCG",5,-0.059913560654198,-0.0269063016856349,0.4189274311065674,0.004,-0.063913560654198,6.894729721308237,1.5164267175502144,0.7346519440485009,2026-06-03 08:51:01
model3,2026-02-03,"GEE,DGW,DPR,VJC,VRE",5,-0.0756703889036722,-0.0361607190492213,0.4326324462890625,0.004,-0.0796703889036722,6.297332453007464,1.3159420223153977,0.6719256824515774,2026-06-03 08:51:01
model3,2026-02-04,"VOS,CTI,VJC,MIG,TV1",5,-0.0429541135020582,-0.0256018355189398,0.4012440741062164,0.004,-0.0469541135020582,5.983882006558728,1.2071990177354142,0.6291213161295608,2026-06-03 08:51:01
model3,2026-02-05,"VHM,VJC,NVL,ITD",4,0.0413733016244038,-0.0145500258062374,0.405963122844696,0.004,0.0373733016244038,6.272828263325328,1.2896893323703271,0.6054175589383841,2026-06-03 08:51:01
model3,2026-02-06,"GEE,BCM,VOS,VHC",4,0.0127161948481494,0.0170270197255107,0.3793253898620605,0.004,0.0087161948481494,6.3653109646189,1.3096467107329968,0.6327530353821091,2026-06-03 08:51:01
model3,2026-02-09,"GEE,BCM,DST",3,0.0740770916500758,0.0360530203871639,0.384141057729721,0.004,0.0700770916500758,6.910911779976284,1.4715000349603296,0.6916187138539442,2026-06-03 08:51:01
model3,2026-02-10,"GEE,VHM,DST,BCM,VJC",5,0.0756555171856737,0.0449013686849724,0.3952941596508026,0.004,0.0716555171856737,7.509415902100629,1.648596648189823,0.767574709399099,2026-06-03 08:51:01
model3,2026-02-11,"VVS,GEE,BCM,VOS,DST",5,0.0683112097314079,0.0286862569624686,0.3941453099250793,0.004,0.0643112097314079,8.090704396480804,1.8189311027254635,0.8182798117132823,2026-06-03 08:51:01
model3,2026-02-12,"PC1,VOS,BCM,DGW",4,0.0834186439716991,0.0322260279431732,0.3676722943782806,0.004,0.0794186439716991,8.849038629982797,2.042806788353566,0.8768757477340623,2026-06-03 08:51:01
model3,2026-02-13,"GEE,VOS,OIL,BCM,PC1",5,0.1161026072516633,0.023943875976855,0.3821557462215423,0.004,0.1121026072516633,9.992537693846147,2.383913362691061,0.9218154278617738,2026-06-03 08:51:01
model3,2026-02-23,"VOS,DGW",2,0.030510269871972,-0.0036298808413137,0.3548881411552429,0.004,0.026510269871972,10.32792298546322,2.4736218191593737,0.9148394668596372,2026-06-03 08:51:01
model3,2026-02-24,"DGC,VOS",2,0.0819489003476349,-0.0146572279927707,0.4113325178623199,0.004,0.0779489003476349,11.25623381734463,2.7443868201863983,0.8867732282243197,2026-06-03 08:51:01
model3,2026-02-25,,0,0.0,-0.0219862064259561,0.0,0.0,0.0,11.25623381734463,2.7443868201863983,0.845290242549612,2026-06-03 08:51:01
model3,2026-02-26,"GEE,VOS,DGW,DPR",4,-0.0101286343983773,-0.0326870800347533,0.3681911826133728,0.004,-0.0141286343983773,11.132094905907715,2.691483747757882,0.7849730927040435,2026-06-03 08:51:01
model3,2026-02-27,"PC1,VOS",2,-0.0120635997501669,-0.0407830806494387,0.4087176322937011,0.004,-0.0160635997501669,10.985738168831809,2.6321852303496533,0.7121763911072163,2026-06-03 08:51:01
model3,2026-03-02,"VOS,POW,CSV,DPR,NVL",5,-0.1230060824116207,-0.0920843739637596,0.4280558228492737,0.004,-0.1270060824116207,9.511419471872374,2.170875613649594,0.5545117000165789,2026-06-03 08:51:01
model3,2026-03-03,"PVT,DGW,CST,DPR,NVL",5,-0.0784538011075418,-0.070680945880855,0.3906128406524658,0.004,-0.0824538011075418,8.686758659268156,1.909424866464976,0.4446373426765511,2026-06-03 08:51:01
model3,2026-03-04,"PVT,VCI,GEE",3,-0.0708633290488726,-0.0411620385010572,0.4106872975826263,0.004,-0.0748633290488726,8.00032269297942,1.691615635343836,0.3851731247572338,2026-06-03 08:51:01
model3,2026-03-05,"DGW,GEE,VJC",3,-0.0451237945651989,-0.035712778058825,0.3623468577861786,0.004,-0.049123794565199,7.5941939807609184,1.5593932618247277,0.3357047443797296,2026-06-03 08:51:01
model3,2026-03-06,"PVT,DPR,PC1,VRE",4,-0.0804068577414748,-0.0236023501752447,0.3900880813598633,0.004,-0.0844068577414748,6.903161847947236,1.3433629188693987,0.3041789732721436,2026-06-03 08:51:01
model3,2026-03-09,"POS,CSC,GDA,DRI,ACV",5,0.0811018305171531,0.0333100410094873,0.4508213996887207,0.004,0.0771018305171531,7.544122740689083,1.5240404894802482,0.3476212283555497,2026-06-03 08:51:01
model3,2026-03-10,"DGC,NLG,VCK,GEE,VOS",5,0.065079876157784,0.0270433352690031,0.4197358191013336,0.004,0.061079876157784,8.100173190530034,1.678208569994934,0.3840654010495947,2026-06-03 08:51:01
model3,2026-03-11,"GEE,DGW,ANV,VCG,FRT",5,0.0120875824738927,-0.0049665706154658,0.4428121447563171,0.004,0.0080875824738927,8.210172284497276,1.6998688026870543,0.3771913424988589,2026-06-03 08:51:01
model3,2026-03-12,"VCG,GEE,NVL,SHS,VOS",5,0.0252884396141985,-0.0061943167069733,0.4013026356697082,0.004,0.0212884396141985,8.44308317015015,1.7573447966593163,0.3686605831573191,2026-06-03 08:51:01
model3,2026-03-13,"NVL,SHS,DRI,DGW,FCN",5,-0.0287583278544201,-0.0167095018147818,0.3851745128631592,0.004,-0.0327583278544201,8.171515888386415,1.667018791802671,0.3457909466592312,2026-06-03 08:51:01
model3,2026-03-16,"VCK,NVL,OIL,VCC,ELC",5,-0.0800662278837145,-0.0507346539543265,0.417481005191803,0.004,-0.0840662278837145,7.43718720722776,1.4428125822808386,0.2775127086856097,2026-06-03 08:51:01
model3,2026-03-17,"VCK,OIL,ONE,VOS,VCG",5,-0.0901473481623128,-0.0378484684136938,0.4091174006462097,0.004,-0.0941473481623128,6.676597154547188,1.2128282556015662,0.2291608092828299,2026-06-03 08:51:01
model3,2026-03-18,"PVT,GEE,VOS",3,-0.0775008974034461,-0.0147410129391493,0.3893143832683563,0.004,-0.0815008974034461,6.08165398606504,1.0324807669703362,0.2110417338888963,2026-06-03 08:51:01
model3,2026-03-19,"NVL,OIL,VOS,NLG",4,-0.0352941822366283,-0.0097293154955673,0.3904544711112976,0.004,-0.0392941822366283,5.831712799744114,0.9526160973205616,0.1992591267815924,2026-06-03 08:51:01
model3,2026-03-20,"OIL,PVT,VOS,NVL,HDG",5,0.0163873369517421,0.0174698606863642,0.4020709097385406,0.004,0.0123873369517421,5.943666379351051,0.9768038108554672,0.2202100166533178,2026-06-03 08:51:01
model3,2026-03-23,"OIL,VOS,SHS,PVT,NVL",5,0.0717630304333152,0.0467219294204489,0.4207890033721924,0.004,0.0677630304333152,6.441964921051208,1.1107580276511595,0.2772205829295189,2026-06-03 08:51:01
model3,2026-03-24,"OIL,VOS,NLG,DGC,SHS",5,0.0248544304459197,0.02923194282225,0.431989848613739,0.004,0.0208544304459197,6.62693072056245,1.154776684126977,0.3145562219811155,2026-06-03 08:51:01
model3,2026-03-25,"DGC,VOS,VCG,PC1,OIL",5,-0.0191188991809966,0.0118611161646769,0.4342657029628753,0.004,-0.0231188991809966,6.48111220105557,1.1049606192090833,0.3301483260350324,2026-06-03 08:51:01
model3,2026-03-26,"DGC,OIL,NVL,VOS,FCN",5,0.0009536869856039,0.0107491541311095,0.3957473039627075,0.004,-0.003046313014396,6.48824684039956,1.0985482502799957,0.3444462954088203,2026-06-03 08:51:01
model3,2026-03-27,"DGC,OIL,VOS,SHS,HDG",5,-0.0029216540166734,-0.0121220724993284,0.4057129919528961,0.004,-0.0069216540166734,6.466368773940465,1.084022825354262,0.3281488199444211,2026-06-03 08:51:01
model3,2026-03-30,"DGC,GEE,NVL,VOS,FCN",5,0.0334192658660211,-0.0155883408749927,0.4187556803226471,0.004,0.0294192658660211,6.715889337050539,1.1453332469242157,0.307445183406408,2026-06-03 08:51:01
model3,2026-03-31,"GEE,DGC,PVT,NVL,FCN",5,0.0019580982770241,-0.017951844068107,0.4234761595726013,0.004,-0.0020419017229758,6.730997806667127,1.1409526872709637,0.2839741313462987,2026-06-03 08:51:01
model3,2026-04-01,"DGC,VRE,VVS,VJC,OIL",5,-0.0183151137318206,0.0073185961870551,0.4335537850856781,0.004,-0.0223151137318206,6.589403702577563,1.093177084560065,0.2933710195282473,2026-06-03 08:51:01
model3,2026-04-02,"DGC,VHM,HDG,ELC,VCI",5,-0.0032997818126724,0.0080006503502563,0.4145233631134033,0.004,-0.0072997818126724,6.564360326270768,1.0778973485474903,0.3037188288286474,2026-06-03 08:51:01
model3,2026-04-03,"DGC,OIL,SHS,NVL,PC1",5,0.0441432141384745,0.0268779264898669,0.3980591297149658,0.004,0.0401432141384745,6.89827550397392,1.161310826768001,0.3387600876733592,2026-06-03 08:51:01
model3,2026-04-06,"NVL,TV1,SHS,PC1",4,0.0853275283305603,0.0441375660127186,0.3674345016479492,0.004,0.0813275283305603,7.5722158308018255,1.3370848942631226,0.3978496994182352,2026-06-03 08:51:01
model3,2026-04-07,"DGC,NVL,PVT,SHS",4,0.0739618870505185,0.0414205654483542,0.3862680792808532,0.004,0.0699618870505185,8.206233089852256,1.5005917636630324,0.4557494243799507,2026-06-03 08:51:01
model3,2026-04-08,"NVL,VRE,VCI,STB,SHS",5,0.0161229551402207,0.0028031033794765,0.4260361194610595,0.004,0.0121229551402207,8.35466477297036,1.5309063254379245,0.4598300405111011,2026-06-03 08:51:01
model3,2026-04-09,NVL,1,0.0179640718562874,-0.0006920049140633,0.4003349542617798,0.004,0.0139640718562874,8.52271264314348,1.566248083227872,0.4588198309493703,2026-06-03 08:51:01
model3,2026-04-10,"VVS,OIL,GEE,SHS",4,0.0220261418873134,-0.0007047359153897,0.3939557671546936,0.004,0.0180261418873134,8.732461262973471,1.6125076352941834,0.4577917482204174,2026-06-03 08:51:01
model3,2026-04-13,"VVS,NVL,DGC,SHS,VCG",5,0.0288386570266935,0.0039093229227159,0.3758481740951538,0.004,0.0248386570266935,9.013132375361945,1.6773988164268738,0.4634907269182819,2026-06-03 08:51:01
model3,2026-04-14,"VVS,SHS,DGC,OIL",4,0.0253553747836506,-0.0044431819879862,0.3824976980686188,0.004,0.0213553747836506,9.267019099497553,1.7345756715969722,0.4569881712808539,2026-06-03 08:51:01
model3,2026-04-15,"SHS,NVL,VJC,OIL,PVT",5,0.0113720329567323,-0.0052729552236567,0.3882288038730621,0.004,0.0073720329567323,9.38377597906444,1.7547350535706636,0.4493055378922923,2026-06-03 08:51:01
model3,2026-04-16,"DGC,SHS,TMT,OIL,VRE",5,-0.0186527608539057,-0.0063015254035324,0.3704923987388611,0.004,-0.0226527608539057,9.19008988896642,1.6923326991862564,0.4401727022277837,2026-06-03 08:51:01
model3,2026-04-17,"DCL,TMT,NVL,DGC,VBB",5,0.023335208050883,-0.0080738494328003,0.3971566557884216,0.004,0.019335208050883,9.427877756582651,1.7443895120672184,0.4285449646727675,2026-06-03 08:51:01
model3,2026-04-20,"GEE,DCL,VRE",3,-0.0061747072162125,-0.0192775780563174,0.3986537158489227,0.004,-0.0101747072162125,9.3634886645493,1.7164661522946898,0.4010060776093289,2026-06-03 08:51:01
model3,2026-04-21,"DCL,VBB,VRE,NVL",4,0.0686986174464766,-0.0100725683244109,0.371799886226654,0.004,0.0646986174464766,10.07544600772607,1.8922177566883067,0.386894348169694,2026-06-03 08:51:01
model3,2026-04-22,"DCL,VRE,NVL",3,0.0598632111720593,-0.0121955080070263,0.3685909807682037,0.004,0.0558632111720593,10.738457770911316,2.0537863279857653,0.3699804670416908,2026-06-03 08:51:01
model3,2026-04-23,"PVT,DCL,NVL",3,-0.0232233044733044,-0.0106145153888754,0.3867665231227875,0.004,-0.0272233044733044,10.465851992050418,1.9706521729825943,0.3554387882918179,2026-06-03 08:51:01
model3,2026-04-24,,0,0.0,-0.0010654218701806,0.0,0.0,0.0,10.465851992050418,1.9706521729825943,0.3539946741630806,2026-06-03 08:51:01
model3,2026-04-28,VRE,1,0.1850649350649349,0.0082701448194935,0.4460426867008209,0.004,0.1810649350649349,12.587779146423385,2.5085331157841955,0.3651924062032321,2026-06-03 08:51:01
model3,2026-04-29,"PC1,VRE",2,0.0186431552025844,0.0008371985910938,0.389021098613739,0.004,0.0146431552025844,12.841098221908595,2.559909110732031,0.3663353433622773,2026-06-03 08:51:01
model3,2026-05-04,"NAB,VRE,DCL,PVT",4,0.0167027631184727,-0.007511641968781,0.381441980600357,0.004,0.0127027631184727,13.07228280680865,2.605129792888953,0.3560719214536483,2026-06-03 08:51:01
model3,2026-05-05,"PC1,PVT,GEE,NAB",4,0.0284082272456659,-0.0023398209307186,0.4046135544776916,0.004,0.0244082272456659,13.47205141464975,2.6931246201239074,0.3528989559882711,2026-06-03 08:51:01
model3,2026-05-06,"PC1,GEE,NAB,VRE",4,-0.0097324447546685,-0.0109951088528189,0.3922885060310364,0.004,-0.0137324447546685,13.331202973769948,2.6424089903059493,0.3380236847003151,2026-06-03 08:51:01
model3,2026-05-07,"GEE,STB,VHM,NAB",4,0.0036040891601533,-0.0046486915278626,0.4096450209617615,0.004,-0.0003959108398466,13.38285390705967,2.6409669211035323,0.3318036253331691,2026-06-03 08:51:01
model3,2026-05-08,VRE,1,-0.0529247910863509,-0.0048763055093678,0.3578019142150879,0.004,-0.0569247910863509,12.62164436880303,2.4337056397673997,0.3253093439775609,2026-06-03 08:51:01
model3,2026-05-11,"PC1,VRE,PVT",3,0.0153457298679688,0.005041668680491,0.3827845156192779,0.004,0.0113457298679688,12.83067844364422,2.472663536402321,0.3319911145890548,2026-06-03 08:51:01
model3,2026-05-12,"PC1,PVT",2,0.0417359311592431,-0.0033592687724763,0.3792739808559418,0.004,0.0377359311592431,13.407914687053784,2.603707728551213,0.3275165984325998,2026-06-03 08:51:01
model3,2026-05-13,PC1,1,0.0468319559228651,-0.0124452149955388,0.4268129467964172,0.004,0.0428319559228651,14.08266551261829,2.758061579139407,0.3109953689549596,2026-06-03 08:51:01
model3,2026-05-14,PC1,1,0.1246537396121882,-0.0172469368146342,0.3867233395576477,0.004,0.1206537396121882,15.962776172085942,3.211485762355462,0.2883847146623153,2026-06-03 08:51:01
model3,2026-05-15,PVT,1,-0.0852390852390853,-0.0168102187936837,0.3572568595409393,0.004,-0.0892390852390853,14.516884648061984,2.835656625425429,0.2667266857184041,2026-06-03 08:51:01
model3,2026-05-18,PVT,1,-0.1185770750988142,-0.0120800028369644,0.3617759048938751,0.004,-0.1225770750988142,12.6769378518491,2.365493055197392,0.2514246237612672,2026-06-03 08:51:01
model3,2026-05-19,"PC1,CTR,GEE,VRE",4,-0.0351120912408746,-0.0057819486191474,0.3913230895996094,0.004,-0.0391120912408746,12.196711962099204,2.233861583751981,0.2441889508859436,2026-06-03 08:51:01
model3,2026-05-20,,0,0.0,-0.0056145670918492,0.0,0.0,0.0,12.196711962099204,2.233861583751981,0.2372033685462569,2026-06-03 08:51:01
